question,answer,design_style
How would you like the room to look after the redesign?,I want a urban loft feeling with iron and wood that feels comfortable and well-designed.,industrial
How would you like the room to look after the redesign?,I want a cozy atmosphere with nostalgic elements that feels comfortable and well-designed.,rustic
How would you like the room to look after the redesign?,I want a ornate elements with a timeless luxurious feel that feels comfortable and well-designed.,classic
How do you want the room to feel when someone walks in?,I want a balanced layout with decorative moldings that feels comfortable and well-designed.,classic
How do you want the room to feel when someone walks in?,"I want a rich details, symmetry, and deep elegant colors that feels comfortable and well-designed.",classic
How would you like the room to look after the redesign?,I want a handcrafted furniture and a homey feeling that feels comfortable and well-designed.,rustic
How do you want the room to feel when someone walks in?,I want a clean lines and a monochrome color palette that feels comfortable and well-designed.,modern
Describe your dream version of this room.,I want a minimal furniture with sharp geometric shapes that feels comfortable and well-designed.,modern
What kind of materials and colors do you imagine for the space?,I want a minimal furniture with sharp geometric shapes that feels comfortable and well-designed.,modern
How would you like the room to look after the redesign?,I want a balanced layout with decorative moldings that feels comfortable and well-designed.,classic
Describe the feeling and atmosphere you want in the room.,I want a soft lighting and warm wooden textures that feels comfortable and well-designed.,rustic
Describe the feeling and atmosphere you want in the room.,I want a light wood furniture and minimal decoration that feels comfortable and well-designed.,scandinavian
Describe the feeling and atmosphere you want in the room.,I want a light wood furniture and minimal decoration that feels comfortable and well-designed.,scandinavian
How do you want the room to feel when someone walks in?,I want a handcrafted furniture and a homey feeling that feels comfortable and well-designed.,rustic
Describe the feeling and atmosphere you want in the room.,"I want a warm tones, pillows, and hanging greenery that feels comfortable and well-designed.",boho_chic
Describe the feeling and atmosphere you want in the room.,I want a glass and metal elements with a functional layout that feels comfortable and well-designed.,modern
What kind of materials and colors do you imagine for the space?,"I want a soft rugs, pale colors, and an open uncluttered layout that feels comfortable and well-designed.",scandinavian
How would you like the room to look after the redesign?,I want a eclectic mix of patterns and lots of plants that feels comfortable and well-designed.,boho_chic
How do you want the room to feel when someone walks in?,I want a natural wood and warm earthy colors that feels comfortable and well-designed.,rustic
What kind of materials and colors do you imagine for the space?,I want a handcrafted furniture and a homey feeling that feels comfortable and well-designed.,rustic
How do you want the room to feel when someone walks in?,I want a metal frames and dark colors with a rough finish that feels comfortable and well-designed.,industrial
What kind of materials and colors do you imagine for the space?,I want a clean lines and a monochrome color palette that feels comfortable and well-designed.,modern
What kind of materials and colors do you imagine for the space?,I want a metal frames and dark colors with a rough finish that feels comfortable and well-designed.,industrial
Describe the feeling and atmosphere you want in the room.,I want a traditional materials and refined finishes that feels comfortable and well-designed.,classic
Describe the feeling and atmosphere you want in the room.,I want a rich colors and layered ethnic textiles that feels comfortable and well-designed.,boho_chic
Describe your dream version of this room.,I want a eclectic mix of patterns and lots of plants that feels comfortable and well-designed.,boho_chic
How do you want the room to feel when someone walks in?,I want a eclectic mix of patterns and lots of plants that feels comfortable and well-designed.,boho_chic
How do you want the room to feel when someone walks in?,I want a ornate elements with a timeless luxurious feel that feels comfortable and well-designed.,classic
How would you like the room to look after the redesign?,I want a ornate elements with a timeless luxurious feel that feels comfortable and well-designed.,classic
Describe your dream version of this room.,I want a artistic vibe with handmade decorations that feels comfortable and well-designed.,boho_chic
What kind of materials and colors do you imagine for the space?,"I want a rich details, symmetry, and deep elegant colors that feels comfortable and well-designed.",classic
Describe the feeling and atmosphere you want in the room.,"I want a rich details, symmetry, and deep elegant colors that feels comfortable and well-designed.",classic
Describe your dream version of this room.,I want a traditional materials and refined finishes that feels comfortable and well-designed.,classic
What kind of materials and colors do you imagine for the space?,I want a glass and metal elements with a functional layout that feels comfortable and well-designed.,modern
Describe your dream version of this room.,I want a free-spirited style with mixed cultural elements that feels comfortable and well-designed.,boho_chic
How would you like the room to look after the redesign?,I want a ornate elements with a timeless luxurious feel that feels comfortable and well-designed.,classic
How do you want the room to feel when someone walks in?,I want a light wood furniture and minimal decoration that feels comfortable and well-designed.,scandinavian
How do you want the room to feel when someone walks in?,I want a rich colors and layered ethnic textiles that feels comfortable and well-designed.,boho_chic
How would you like the room to look after the redesign?,I want a marble surfaces and solid wood furniture that feels comfortable and well-designed.,classic
Describe the feeling and atmosphere you want in the room.,I want a bright space with lots of natural light and soft textiles that feels comfortable and well-designed.,scandinavian
How would you like the room to look after the redesign?,I want a artistic vibe with handmade decorations that feels comfortable and well-designed.,boho_chic
What kind of materials and colors do you imagine for the space?,"I want a rich details, symmetry, and deep elegant colors that feels comfortable and well-designed.",classic
How would you like the room to look after the redesign?,I want a bright space with lots of natural light and soft textiles that feels comfortable and well-designed.,scandinavian
How do you want the room to feel when someone walks in?,I want a handcrafted furniture and a homey feeling that feels comfortable and well-designed.,rustic
Describe the feeling and atmosphere you want in the room.,"I want a white walls, warm wood tones, and simple clean lines that feels comfortable and well-designed.",scandinavian
How do you want the room to feel when someone walks in?,I want a marble surfaces and solid wood furniture that feels comfortable and well-designed.,classic
Describe the feeling and atmosphere you want in the room.,I want a balanced layout with decorative moldings that feels comfortable and well-designed.,classic
How do you want the room to feel when someone walks in?,"I want a white walls, warm wood tones, and simple clean lines that feels comfortable and well-designed.",scandinavian
What kind of materials and colors do you imagine for the space?,I want a eclectic mix of patterns and lots of plants that feels comfortable and well-designed.,boho_chic
What kind of materials and colors do you imagine for the space?,I want a handcrafted furniture and a homey feeling that feels comfortable and well-designed.,rustic
Describe the feeling and atmosphere you want in the room.,I want a artistic vibe with handmade decorations that feels comfortable and well-designed.,boho_chic
How would you like the room to look after the redesign?,I want a clean lines and a monochrome color palette that feels comfortable and well-designed.,modern
What kind of materials and colors do you imagine for the space?,I want a urban loft feeling with iron and wood that feels comfortable and well-designed.,industrial
Describe the feeling and atmosphere you want in the room.,I want a farmhouse style with vintage decor that feels comfortable and well-designed.,rustic
How do you want the room to feel when someone walks in?,I want a eclectic mix of patterns and lots of plants that feels comfortable and well-designed.,boho_chic
Describe the feeling and atmosphere you want in the room.,I want a soft lighting and warm wooden textures that feels comfortable and well-designed.,rustic
Describe your dream version of this room.,I want a exposed brick walls and raw concrete surfaces that feels comfortable and well-designed.,industrial
Describe the feeling and atmosphere you want in the room.,I want a metal frames and dark colors with a rough finish that feels comfortable and well-designed.,industrial
How do you want the room to feel when someone walks in?,I want a neutral colors with a focus on practicality that feels comfortable and well-designed.,modern
Describe your dream version of this room.,I want a eclectic mix of patterns and lots of plants that feels comfortable and well-designed.,boho_chic
How do you want the room to feel when someone walks in?,I want a farmhouse style with vintage decor that feels comfortable and well-designed.,rustic
How would you like the room to look after the redesign?,I want a light wood furniture and minimal decoration that feels comfortable and well-designed.,scandinavian
How would you like the room to look after the redesign?,I want a neutral colors with a focus on practicality that feels comfortable and well-designed.,modern
Describe the feeling and atmosphere you want in the room.,I want a urban loft feeling with iron and wood that feels comfortable and well-designed.,industrial
Describe your dream version of this room.,I want a farmhouse style with vintage decor that feels comfortable and well-designed.,rustic
How would you like the room to look after the redesign?,"I want a rich details, symmetry, and deep elegant colors that feels comfortable and well-designed.",classic
Describe your dream version of this room.,I want a balanced layout with decorative moldings that feels comfortable and well-designed.,classic
What kind of materials and colors do you imagine for the space?,I want a rugged materials and bold industrial lighting that feels comfortable and well-designed.,industrial
Describe your dream version of this room.,I want a eclectic mix of patterns and lots of plants that feels comfortable and well-designed.,boho_chic
How do you want the room to feel when someone walks in?,"I want a warm tones, pillows, and hanging greenery that feels comfortable and well-designed.",boho_chic
Describe the feeling and atmosphere you want in the room.,I want a marble surfaces and solid wood furniture that feels comfortable and well-designed.,classic
What kind of materials and colors do you imagine for the space?,I want a eclectic mix of patterns and lots of plants that feels comfortable and well-designed.,boho_chic
Describe your dream version of this room.,I want a metal frames and dark colors with a rough finish that feels comfortable and well-designed.,industrial
Describe the feeling and atmosphere you want in the room.,I want a rich colors and layered ethnic textiles that feels comfortable and well-designed.,boho_chic
What kind of materials and colors do you imagine for the space?,I want a ornate elements with a timeless luxurious feel that feels comfortable and well-designed.,classic
How would you like the room to look after the redesign?,I want a exposed brick walls and raw concrete surfaces that feels comfortable and well-designed.,industrial
Describe your dream version of this room.,I want a balanced layout with decorative moldings that feels comfortable and well-designed.,classic
How would you like the room to look after the redesign?,I want a glass and metal elements with a functional layout that feels comfortable and well-designed.,modern
How would you like the room to look after the redesign?,I want a bright space with lots of natural light and soft textiles that feels comfortable and well-designed.,scandinavian
How would you like the room to look after the redesign?,I want a neutral colors with a focus on practicality that feels comfortable and well-designed.,modern
Describe your dream version of this room.,I want a eclectic mix of patterns and lots of plants that feels comfortable and well-designed.,boho_chic
How would you like the room to look after the redesign?,I want a free-spirited style with mixed cultural elements that feels comfortable and well-designed.,boho_chic
What kind of materials and colors do you imagine for the space?,I want a rich colors and layered ethnic textiles that feels comfortable and well-designed.,boho_chic
Describe the feeling and atmosphere you want in the room.,I want a minimal furniture with sharp geometric shapes that feels comfortable and well-designed.,modern
Describe the feeling and atmosphere you want in the room.,I want a airy feeling with neutral colors and cozy fabrics that feels comfortable and well-designed.,scandinavian
Describe the feeling and atmosphere you want in the room.,I want a farmhouse style with vintage decor that feels comfortable and well-designed.,rustic
How would you like the room to look after the redesign?,I want a artistic vibe with handmade decorations that feels comfortable and well-designed.,boho_chic
What kind of materials and colors do you imagine for the space?,I want a bright space with lots of natural light and soft textiles that feels comfortable and well-designed.,scandinavian
Describe the feeling and atmosphere you want in the room.,I want a marble surfaces and solid wood furniture that feels comfortable and well-designed.,classic
How do you want the room to feel when someone walks in?,I want a free-spirited style with mixed cultural elements that feels comfortable and well-designed.,boho_chic
How would you like the room to look after the redesign?,"I want a white walls, warm wood tones, and simple clean lines that feels comfortable and well-designed.",scandinavian
What kind of materials and colors do you imagine for the space?,I want a urban loft feeling with iron and wood that feels comfortable and well-designed.,industrial
How do you want the room to feel when someone walks in?,I want a exposed brick walls and raw concrete surfaces that feels comfortable and well-designed.,industrial
How do you want the room to feel when someone walks in?,I want a glass and metal elements with a functional layout that feels comfortable and well-designed.,modern
How do you want the room to feel when someone walks in?,I want a sleek surfaces and a clutter-free design that feels comfortable and well-designed.,modern
Describe the feeling and atmosphere you want in the room.,I want a free-spirited style with mixed cultural elements that feels comfortable and well-designed.,boho_chic
What kind of materials and colors do you imagine for the space?,I want a rich colors and layered ethnic textiles that feels comfortable and well-designed.,boho_chic
What kind of materials and colors do you imagine for the space?,I want a neutral colors with a focus on practicality that feels comfortable and well-designed.,modern
How do you want the room to feel when someone walks in?,I want a minimal furniture with sharp geometric shapes that feels comfortable and well-designed.,modern
Describe your dream version of this room.,"I want a warm tones, pillows, and hanging greenery that feels comfortable and well-designed.",boho_chic
How do you want the room to feel when someone walks in?,"I want a white walls, warm wood tones, and simple clean lines that feels comfortable and well-designed.",scandinavian
How would you like the room to look after the redesign?,I want a sleek surfaces and a clutter-free design that feels comfortable and well-designed.,modern
Describe the feeling and atmosphere you want in the room.,"I want a soft rugs, pale colors, and an open uncluttered layout that feels comfortable and well-designed.",scandinavian
Describe your dream version of this room.,I want a neutral colors with a focus on practicality that feels comfortable and well-designed.,modern
How do you want the room to feel when someone walks in?,I want a minimal furniture with sharp geometric shapes that feels comfortable and well-designed.,modern
Describe your dream version of this room.,I want a glass and metal elements with a functional layout that feels comfortable and well-designed.,modern
How would you like the room to look after the redesign?,I want a unfinished textures and visible pipes that feels comfortable and well-designed.,industrial
What kind of materials and colors do you imagine for the space?,I want a handcrafted furniture and a homey feeling that feels comfortable and well-designed.,rustic
Describe your dream version of this room.,"I want a rich details, symmetry, and deep elegant colors that feels comfortable and well-designed.",classic
How would you like the room to look after the redesign?,I want a rugged materials and bold industrial lighting that feels comfortable and well-designed.,industrial
How would you like the room to look after the redesign?,I want a free-spirited style with mixed cultural elements that feels comfortable and well-designed.,boho_chic
How do you want the room to feel when someone walks in?,I want a airy feeling with neutral colors and cozy fabrics that feels comfortable and well-designed.,scandinavian
How would you like the room to look after the redesign?,"I want a soft rugs, pale colors, and an open uncluttered layout that feels comfortable and well-designed.",scandinavian
Describe the feeling and atmosphere you want in the room.,I want a balanced layout with decorative moldings that feels comfortable and well-designed.,classic
Describe your dream version of this room.,I want a eclectic mix of patterns and lots of plants that feels comfortable and well-designed.,boho_chic
How do you want the room to feel when someone walks in?,I want a glass and metal elements with a functional layout that feels comfortable and well-designed.,modern
Describe the feeling and atmosphere you want in the room.,I want a balanced layout with decorative moldings that feels comfortable and well-designed.,classic
Describe the feeling and atmosphere you want in the room.,I want a handcrafted furniture and a homey feeling that feels comfortable and well-designed.,rustic
Describe the feeling and atmosphere you want in the room.,I want a traditional materials and refined finishes that feels comfortable and well-designed.,classic
What kind of materials and colors do you imagine for the space?,I want a natural wood and warm earthy colors that feels comfortable and well-designed.,rustic
How do you want the room to feel when someone walks in?,I want a soft lighting and warm wooden textures that feels comfortable and well-designed.,rustic
Describe your dream version of this room.,I want a neutral colors with a focus on practicality that feels comfortable and well-designed.,modern
What kind of materials and colors do you imagine for the space?,"I want a white walls, warm wood tones, and simple clean lines that feels comfortable and well-designed.",scandinavian
Describe your dream version of this room.,I want a ornate elements with a timeless luxurious feel that feels comfortable and well-designed.,classic
What kind of materials and colors do you imagine for the space?,I want a bright space with lots of natural light and soft textiles that feels comfortable and well-designed.,scandinavian
How do you want the room to feel when someone walks in?,I want a marble surfaces and solid wood furniture that feels comfortable and well-designed.,classic
Describe your dream version of this room.,I want a exposed brick walls and raw concrete surfaces that feels comfortable and well-designed.,industrial
Describe the feeling and atmosphere you want in the room.,I want a free-spirited style with mixed cultural elements that feels comfortable and well-designed.,boho_chic
Describe the feeling and atmosphere you want in the room.,I want a exposed brick walls and raw concrete surfaces that feels comfortable and well-designed.,industrial
How would you like the room to look after the redesign?,I want a neutral colors with a focus on practicality that feels comfortable and well-designed.,modern
How would you like the room to look after the redesign?,I want a glass and metal elements with a functional layout that feels comfortable and well-designed.,modern
Describe your dream version of this room.,I want a artistic vibe with handmade decorations that feels comfortable and well-designed.,boho_chic
What kind of materials and colors do you imagine for the space?,I want a free-spirited style with mixed cultural elements that feels comfortable and well-designed.,boho_chic
What kind of materials and colors do you imagine for the space?,I want a metal frames and dark colors with a rough finish that feels comfortable and well-designed.,industrial
Describe your dream version of this room.,I want a sleek surfaces and a clutter-free design that feels comfortable and well-designed.,modern
Describe the feeling and atmosphere you want in the room.,I want a glass and metal elements with a functional layout that feels comfortable and well-designed.,modern
Describe your dream version of this room.,I want a bright space with lots of natural light and soft textiles that feels comfortable and well-designed.,scandinavian
How would you like the room to look after the redesign?,I want a farmhouse style with vintage decor that feels comfortable and well-designed.,rustic
Describe the feeling and atmosphere you want in the room.,I want a airy feeling with neutral colors and cozy fabrics that feels comfortable and well-designed.,scandinavian
How do you want the room to feel when someone walks in?,I want a free-spirited style with mixed cultural elements that feels comfortable and well-designed.,boho_chic
Describe the feeling and atmosphere you want in the room.,I want a light wood furniture and minimal decoration that feels comfortable and well-designed.,scandinavian
How do you want the room to feel when someone walks in?,"I want a white walls, warm wood tones, and simple clean lines that feels comfortable and well-designed.",scandinavian
Describe your dream version of this room.,I want a farmhouse style with vintage decor that feels comfortable and well-designed.,rustic
Describe the feeling and atmosphere you want in the room.,I want a glass and metal elements with a functional layout that feels comfortable and well-designed.,modern
What kind of materials and colors do you imagine for the space?,"I want a rich details, symmetry, and deep elegant colors that feels comfortable and well-designed.",classic
How do you want the room to feel when someone walks in?,I want a sleek surfaces and a clutter-free design that feels comfortable and well-designed.,modern
What kind of materials and colors do you imagine for the space?,I want a balanced layout with decorative moldings that feels comfortable and well-designed.,classic
How would you like the room to look after the redesign?,I want a rugged materials and bold industrial lighting that feels comfortable and well-designed.,industrial
How do you want the room to feel when someone walks in?,I want a metal frames and dark colors with a rough finish that feels comfortable and well-designed.,industrial
How would you like the room to look after the redesign?,I want a soft lighting and warm wooden textures that feels comfortable and well-designed.,rustic
Describe your dream version of this room.,I want a balanced layout with decorative moldings that feels comfortable and well-designed.,classic
Describe the feeling and atmosphere you want in the room.,I want a ornate elements with a timeless luxurious feel that feels comfortable and well-designed.,classic
How would you like the room to look after the redesign?,"I want a white walls, warm wood tones, and simple clean lines that feels comfortable and well-designed.",scandinavian
How would you like the room to look after the redesign?,I want a ornate elements with a timeless luxurious feel that feels comfortable and well-designed.,classic
Describe your dream version of this room.,I want a exposed brick walls and raw concrete surfaces that feels comfortable and well-designed.,industrial
Describe your dream version of this room.,I want a airy feeling with neutral colors and cozy fabrics that feels comfortable and well-designed.,scandinavian
Describe the feeling and atmosphere you want in the room.,I want a clean lines and a monochrome color palette that feels comfortable and well-designed.,modern
Describe your dream version of this room.,I want a light wood furniture and minimal decoration that feels comfortable and well-designed.,scandinavian
How do you want the room to feel when someone walks in?,I want a traditional materials and refined finishes that feels comfortable and well-designed.,classic
Describe your dream version of this room.,I want a urban loft feeling with iron and wood that feels comfortable and well-designed.,industrial
Describe the feeling and atmosphere you want in the room.,I want a natural wood and warm earthy colors that feels comfortable and well-designed.,rustic
How do you want the room to feel when someone walks in?,I want a cozy atmosphere with nostalgic elements that feels comfortable and well-designed.,rustic
How would you like the room to look after the redesign?,I want a clean lines and a monochrome color palette that feels comfortable and well-designed.,modern
Describe the feeling and atmosphere you want in the room.,I want a free-spirited style with mixed cultural elements that feels comfortable and well-designed.,boho_chic
Describe your dream version of this room.,I want a balanced layout with decorative moldings that feels comfortable and well-designed.,classic
How would you like the room to look after the redesign?,I want a ornate elements with a timeless luxurious feel that feels comfortable and well-designed.,classic
What kind of materials and colors do you imagine for the space?,"I want a white walls, warm wood tones, and simple clean lines that feels comfortable and well-designed.",scandinavian
How would you like the room to look after the redesign?,"I want a white walls, warm wood tones, and simple clean lines that feels comfortable and well-designed.",scandinavian
Describe your dream version of this room.,I want a free-spirited style with mixed cultural elements that feels comfortable and well-designed.,boho_chic
What kind of materials and colors do you imagine for the space?,I want a clean lines and a monochrome color palette that feels comfortable and well-designed.,modern
Describe your dream version of this room.,I want a neutral colors with a focus on practicality that feels comfortable and well-designed.,modern
How do you want the room to feel when someone walks in?,"I want a white walls, warm wood tones, and simple clean lines that feels comfortable and well-designed.",scandinavian
What kind of materials and colors do you imagine for the space?,I want a sleek surfaces and a clutter-free design that feels comfortable and well-designed.,modern
How would you like the room to look after the redesign?,I want a sleek surfaces and a clutter-free design that feels comfortable and well-designed.,modern
What kind of materials and colors do you imagine for the space?,I want a minimal furniture with sharp geometric shapes that feels comfortable and well-designed.,modern
What kind of materials and colors do you imagine for the space?,I want a free-spirited style with mixed cultural elements that feels comfortable and well-designed.,boho_chic
What kind of materials and colors do you imagine for the space?,I want a airy feeling with neutral colors and cozy fabrics that feels comfortable and well-designed.,scandinavian
Describe the feeling and atmosphere you want in the room.,I want a bright space with lots of natural light and soft textiles that feels comfortable and well-designed.,scandinavian
How do you want the room to feel when someone walks in?,I want a ornate elements with a timeless luxurious feel that feels comfortable and well-designed.,classic
How would you like the room to look after the redesign?,I want a clean lines and a monochrome color palette that feels comfortable and well-designed.,modern
Describe the feeling and atmosphere you want in the room.,I want a minimal furniture with sharp geometric shapes that feels comfortable and well-designed.,modern
How do you want the room to feel when someone walks in?,I want a handcrafted furniture and a homey feeling that feels comfortable and well-designed.,rustic
Describe your dream version of this room.,I want a soft lighting and warm wooden textures that feels comfortable and well-designed.,rustic
How do you want the room to feel when someone walks in?,"I want a rich details, symmetry, and deep elegant colors that feels comfortable and well-designed.",classic
What kind of materials and colors do you imagine for the space?,I want a handcrafted furniture and a homey feeling that feels comfortable and well-designed.,rustic
How do you want the room to feel when someone walks in?,"I want a warm tones, pillows, and hanging greenery that feels comfortable and well-designed.",boho_chic
What kind of materials and colors do you imagine for the space?,I want a farmhouse style with vintage decor that feels comfortable and well-designed.,rustic
What kind of materials and colors do you imagine for the space?,I want a soft lighting and warm wooden textures that feels comfortable and well-designed.,rustic
How do you want the room to feel when someone walks in?,I want a farmhouse style with vintage decor that feels comfortable and well-designed.,rustic
How would you like the room to look after the redesign?,I want a traditional materials and refined finishes that feels comfortable and well-designed.,classic
Describe your dream version of this room.,I want a balanced layout with decorative moldings that feels comfortable and well-designed.,classic
How would you like the room to look after the redesign?,I want a unfinished textures and visible pipes that feels comfortable and well-designed.,industrial
Describe the feeling and atmosphere you want in the room.,I want a ornate elements with a timeless luxurious feel that feels comfortable and well-designed.,classic
What kind of materials and colors do you imagine for the space?,I want a cozy atmosphere with nostalgic elements that feels comfortable and well-designed.,rustic
Describe your dream version of this room.,I want a clean lines and a monochrome color palette that feels comfortable and well-designed.,modern
Describe your dream version of this room.,I want a artistic vibe with handmade decorations that feels comfortable and well-designed.,boho_chic
Describe your dream version of this room.,I want a airy feeling with neutral colors and cozy fabrics that feels comfortable and well-designed.,scandinavian
What kind of materials and colors do you imagine for the space?,I want a glass and metal elements with a functional layout that feels comfortable and well-designed.,modern
Describe the feeling and atmosphere you want in the room.,I want a cozy atmosphere with nostalgic elements that feels comfortable and well-designed.,rustic
Describe your dream version of this room.,I want a sleek surfaces and a clutter-free design that feels comfortable and well-designed.,modern
What kind of materials and colors do you imagine for the space?,I want a urban loft feeling with iron and wood that feels comfortable and well-designed.,industrial
Describe the feeling and atmosphere you want in the room.,"I want a white walls, warm wood tones, and simple clean lines that feels comfortable and well-designed.",scandinavian
Describe the feeling and atmosphere you want in the room.,I want a exposed brick walls and raw concrete surfaces that feels comfortable and well-designed.,industrial
What kind of materials and colors do you imagine for the space?,I want a minimal furniture with sharp geometric shapes that feels comfortable and well-designed.,modern
How would you like the room to look after the redesign?,I want a eclectic mix of patterns and lots of plants that feels comfortable and well-designed.,boho_chic
How do you want the room to feel when someone walks in?,I want a rugged materials and bold industrial lighting that feels comfortable and well-designed.,industrial
Describe the feeling and atmosphere you want in the room.,I want a light wood furniture and minimal decoration that feels comfortable and well-designed.,scandinavian
Describe your dream version of this room.,I want a exposed brick walls and raw concrete surfaces that feels comfortable and well-designed.,industrial
How do you want the room to feel when someone walks in?,I want a exposed brick walls and raw concrete surfaces that feels comfortable and well-designed.,industrial
Describe your dream version of this room.,I want a artistic vibe with handmade decorations that feels comfortable and well-designed.,boho_chic
Describe the feeling and atmosphere you want in the room.,I want a unfinished textures and visible pipes that feels comfortable and well-designed.,industrial
Describe the feeling and atmosphere you want in the room.,I want a sleek surfaces and a clutter-free design that feels comfortable and well-designed.,modern
Describe your dream version of this room.,I want a handcrafted furniture and a homey feeling that feels comfortable and well-designed.,rustic
How do you want the room to feel when someone walks in?,I want a unfinished textures and visible pipes that feels comfortable and well-designed.,industrial
How do you want the room to feel when someone walks in?,I want a natural wood and warm earthy colors that feels comfortable and well-designed.,rustic
Describe your dream version of this room.,I want a clean lines and a monochrome color palette that feels comfortable and well-designed.,modern
Describe the feeling and atmosphere you want in the room.,I want a eclectic mix of patterns and lots of plants that feels comfortable and well-designed.,boho_chic
What kind of materials and colors do you imagine for the space?,"I want a warm tones, pillows, and hanging greenery that feels comfortable and well-designed.",boho_chic
How do you want the room to feel when someone walks in?,I want a farmhouse style with vintage decor that feels comfortable and well-designed.,rustic
How do you want the room to feel when someone walks in?,I want a minimal furniture with sharp geometric shapes that feels comfortable and well-designed.,modern
How would you like the room to look after the redesign?,I want a minimal furniture with sharp geometric shapes that feels comfortable and well-designed.,modern
Describe your dream version of this room.,"I want a white walls, warm wood tones, and simple clean lines that feels comfortable and well-designed.",scandinavian
Describe the feeling and atmosphere you want in the room.,I want a cozy atmosphere with nostalgic elements that feels comfortable and well-designed.,rustic
What kind of materials and colors do you imagine for the space?,"I want a white walls, warm wood tones, and simple clean lines that feels comfortable and well-designed.",scandinavian
Describe the feeling and atmosphere you want in the room.,I want a natural wood and warm earthy colors that feels comfortable and well-designed.,rustic
What kind of materials and colors do you imagine for the space?,"I want a white walls, warm wood tones, and simple clean lines that feels comfortable and well-designed.",scandinavian
How would you like the room to look after the redesign?,I want a handcrafted furniture and a homey feeling that feels comfortable and well-designed.,rustic
How would you like the room to look after the redesign?,I want a clean lines and a monochrome color palette that feels comfortable and well-designed.,modern
What kind of materials and colors do you imagine for the space?,I want a farmhouse style with vintage decor that feels comfortable and well-designed.,rustic
What kind of materials and colors do you imagine for the space?,I want a natural wood and warm earthy colors that feels comfortable and well-designed.,rustic
What kind of materials and colors do you imagine for the space?,I want a airy feeling with neutral colors and cozy fabrics that feels comfortable and well-designed.,scandinavian
What kind of materials and colors do you imagine for the space?,I want a exposed brick walls and raw concrete surfaces that feels comfortable and well-designed.,industrial
Describe your dream version of this room.,"I want a rich details, symmetry, and deep elegant colors that feels comfortable and well-designed.",classic
What kind of materials and colors do you imagine for the space?,I want a clean lines and a monochrome color palette that feels comfortable and well-designed.,modern
How would you like the room to look after the redesign?,"I want a warm tones, pillows, and hanging greenery that feels comfortable and well-designed.",boho_chic
How would you like the room to look after the redesign?,"I want a soft rugs, pale colors, and an open uncluttered layout that feels comfortable and well-designed.",scandinavian
Describe the feeling and atmosphere you want in the room.,I want a glass and metal elements with a functional layout that feels comfortable and well-designed.,modern
What kind of materials and colors do you imagine for the space?,I want a urban loft feeling with iron and wood that feels comfortable and well-designed.,industrial
Describe your dream version of this room.,I want a light wood furniture and minimal decoration that feels comfortable and well-designed.,scandinavian
Describe the feeling and atmosphere you want in the room.,I want a marble surfaces and solid wood furniture that feels comfortable and well-designed.,classic
What kind of materials and colors do you imagine for the space?,I want a farmhouse style with vintage decor that feels comfortable and well-designed.,rustic
What kind of materials and colors do you imagine for the space?,"I want a white walls, warm wood tones, and simple clean lines that feels comfortable and well-designed.",scandinavian
What kind of materials and colors do you imagine for the space?,"I want a soft rugs, pale colors, and an open uncluttered layout that feels comfortable and well-designed.",scandinavian
Describe your dream version of this room.,I want a rich colors and layered ethnic textiles that feels comfortable and well-designed.,boho_chic
How do you want the room to feel when someone walks in?,I want a unfinished textures and visible pipes that feels comfortable and well-designed.,industrial
How would you like the room to look after the redesign?,"I want a warm tones, pillows, and hanging greenery that feels comfortable and well-designed.",boho_chic
Describe your dream version of this room.,I want a farmhouse style with vintage decor that feels comfortable and well-designed.,rustic
Describe your dream version of this room.,I want a unfinished textures and visible pipes that feels comfortable and well-designed.,industrial
How would you like the room to look after the redesign?,I want a airy feeling with neutral colors and cozy fabrics that feels comfortable and well-designed.,scandinavian
How do you want the room to feel when someone walks in?,I want a airy feeling with neutral colors and cozy fabrics that feels comfortable and well-designed.,scandinavian
How do you want the room to feel when someone walks in?,I want a rich colors and layered ethnic textiles that feels comfortable and well-designed.,boho_chic
How would you like the room to look after the redesign?,I want a natural wood and warm earthy colors that feels comfortable and well-designed.,rustic
How would you like the room to look after the redesign?,I want a light wood furniture and minimal decoration that feels comfortable and well-designed.,scandinavian
Describe the feeling and atmosphere you want in the room.,I want a metal frames and dark colors with a rough finish that feels comfortable and well-designed.,industrial
Describe your dream version of this room.,I want a marble surfaces and solid wood furniture that feels comfortable and well-designed.,classic
Describe the feeling and atmosphere you want in the room.,I want a unfinished textures and visible pipes that feels comfortable and well-designed.,industrial
How would you like the room to look after the redesign?,I want a traditional materials and refined finishes that feels comfortable and well-designed.,classic
Describe the feeling and atmosphere you want in the room.,I want a minimal furniture with sharp geometric shapes that feels comfortable and well-designed.,modern
Describe your dream version of this room.,I want a minimal furniture with sharp geometric shapes that feels comfortable and well-designed.,modern
Describe the feeling and atmosphere you want in the room.,"I want a rich details, symmetry, and deep elegant colors that feels comfortable and well-designed.",classic
Describe your dream version of this room.,I want a sleek surfaces and a clutter-free design that feels comfortable and well-designed.,modern
Describe the feeling and atmosphere you want in the room.,I want a urban loft feeling with iron and wood that feels comfortable and well-designed.,industrial
Describe your dream version of this room.,I want a unfinished textures and visible pipes that feels comfortable and well-designed.,industrial
How would you like the room to look after the redesign?,I want a unfinished textures and visible pipes that feels comfortable and well-designed.,industrial
What kind of materials and colors do you imagine for the space?,I want a exposed brick walls and raw concrete surfaces that feels comfortable and well-designed.,industrial
Describe the feeling and atmosphere you want in the room.,I want a neutral colors with a focus on practicality that feels comfortable and well-designed.,modern
Describe your dream version of this room.,I want a bright space with lots of natural light and soft textiles that feels comfortable and well-designed.,scandinavian
How do you want the room to feel when someone walks in?,I want a farmhouse style with vintage decor that feels comfortable and well-designed.,rustic
How would you like the room to look after the redesign?,I want a neutral colors with a focus on practicality that feels comfortable and well-designed.,modern
Describe your dream version of this room.,I want a minimal furniture with sharp geometric shapes that feels comfortable and well-designed.,modern
How do you want the room to feel when someone walks in?,I want a cozy atmosphere with nostalgic elements that feels comfortable and well-designed.,rustic
Describe the feeling and atmosphere you want in the room.,I want a neutral colors with a focus on practicality that feels comfortable and well-designed.,modern
Describe the feeling and atmosphere you want in the room.,"I want a warm tones, pillows, and hanging greenery that feels comfortable and well-designed.",boho_chic
Describe your dream version of this room.,I want a handcrafted furniture and a homey feeling that feels comfortable and well-designed.,rustic
How do you want the room to feel when someone walks in?,I want a bright space with lots of natural light and soft textiles that feels comfortable and well-designed.,scandinavian
What kind of materials and colors do you imagine for the space?,I want a cozy atmosphere with nostalgic elements that feels comfortable and well-designed.,rustic
How do you want the room to feel when someone walks in?,I want a free-spirited style with mixed cultural elements that feels comfortable and well-designed.,boho_chic
How would you like the room to look after the redesign?,"I want a white walls, warm wood tones, and simple clean lines that feels comfortable and well-designed.",scandinavian
How would you like the room to look after the redesign?,I want a neutral colors with a focus on practicality that feels comfortable and well-designed.,modern
How do you want the room to feel when someone walks in?,"I want a warm tones, pillows, and hanging greenery that feels comfortable and well-designed.",boho_chic
How do you want the room to feel when someone walks in?,I want a glass and metal elements with a functional layout that feels comfortable and well-designed.,modern
What kind of materials and colors do you imagine for the space?,"I want a rich details, symmetry, and deep elegant colors that feels comfortable and well-designed.",classic
How would you like the room to look after the redesign?,I want a urban loft feeling with iron and wood that feels comfortable and well-designed.,industrial
Describe the feeling and atmosphere you want in the room.,I want a farmhouse style with vintage decor that feels comfortable and well-designed.,rustic
How would you like the room to look after the redesign?,"I want a white walls, warm wood tones, and simple clean lines that feels comfortable and well-designed.",scandinavian
What kind of materials and colors do you imagine for the space?,I want a exposed brick walls and raw concrete surfaces that feels comfortable and well-designed.,industrial
What kind of materials and colors do you imagine for the space?,I want a farmhouse style with vintage decor that feels comfortable and well-designed.,rustic
Describe the feeling and atmosphere you want in the room.,I want a metal frames and dark colors with a rough finish that feels comfortable and well-designed.,industrial
Describe the feeling and atmosphere you want in the room.,I want a sleek surfaces and a clutter-free design that feels comfortable and well-designed.,modern
What kind of materials and colors do you imagine for the space?,I want a minimal furniture with sharp geometric shapes that feels comfortable and well-designed.,modern
How would you like the room to look after the redesign?,I want a glass and metal elements with a functional layout that feels comfortable and well-designed.,modern
Describe the feeling and atmosphere you want in the room.,I want a cozy atmosphere with nostalgic elements that feels comfortable and well-designed.,rustic
What kind of materials and colors do you imagine for the space?,I want a unfinished textures and visible pipes that feels comfortable and well-designed.,industrial
What kind of materials and colors do you imagine for the space?,I want a glass and metal elements with a functional layout that feels comfortable and well-designed.,modern
How would you like the room to look after the redesign?,I want a sleek surfaces and a clutter-free design that feels comfortable and well-designed.,modern
Describe your dream version of this room.,I want a balanced layout with decorative moldings that feels comfortable and well-designed.,classic
Describe your dream version of this room.,I want a clean lines and a monochrome color palette that feels comfortable and well-designed.,modern
Describe your dream version of this room.,I want a rugged materials and bold industrial lighting that feels comfortable and well-designed.,industrial
Describe your dream version of this room.,"I want a soft rugs, pale colors, and an open uncluttered layout that feels comfortable and well-designed.",scandinavian
Describe your dream version of this room.,I want a soft lighting and warm wooden textures that feels comfortable and well-designed.,rustic
How do you want the room to feel when someone walks in?,I want a clean lines and a monochrome color palette that feels comfortable and well-designed.,modern
Describe the feeling and atmosphere you want in the room.,I want a glass and metal elements with a functional layout that feels comfortable and well-designed.,modern
How would you like the room to look after the redesign?,I want a rugged materials and bold industrial lighting that feels comfortable and well-designed.,industrial
How would you like the room to look after the redesign?,I want a rugged materials and bold industrial lighting that feels comfortable and well-designed.,industrial
How do you want the room to feel when someone walks in?,I want a metal frames and dark colors with a rough finish that feels comfortable and well-designed.,industrial
Describe the feeling and atmosphere you want in the room.,I want a neutral colors with a focus on practicality that feels comfortable and well-designed.,modern
How would you like the room to look after the redesign?,I want a glass and metal elements with a functional layout that feels comfortable and well-designed.,modern
How would you like the room to look after the redesign?,I want a exposed brick walls and raw concrete surfaces that feels comfortable and well-designed.,industrial
Describe the feeling and atmosphere you want in the room.,I want a clean lines and a monochrome color palette that feels comfortable and well-designed.,modern
How would you like the room to look after the redesign?,I want a clean lines and a monochrome color palette that feels comfortable and well-designed.,modern
How do you want the room to feel when someone walks in?,I want a farmhouse style with vintage decor that feels comfortable and well-designed.,rustic
Describe your dream version of this room.,I want a urban loft feeling with iron and wood that feels comfortable and well-designed.,industrial
Describe your dream version of this room.,I want a handcrafted furniture and a homey feeling that feels comfortable and well-designed.,rustic
What kind of materials and colors do you imagine for the space?,I want a minimal furniture with sharp geometric shapes that feels comfortable and well-designed.,modern
What kind of materials and colors do you imagine for the space?,I want a airy feeling with neutral colors and cozy fabrics that feels comfortable and well-designed.,scandinavian
Describe your dream version of this room.,I want a marble surfaces and solid wood furniture that feels comfortable and well-designed.,classic
How would you like the room to look after the redesign?,I want a exposed brick walls and raw concrete surfaces that feels comfortable and well-designed.,industrial
What kind of materials and colors do you imagine for the space?,I want a marble surfaces and solid wood furniture that feels comfortable and well-designed.,classic
How would you like the room to look after the redesign?,I want a farmhouse style with vintage decor that feels comfortable and well-designed.,rustic
Describe your dream version of this room.,"I want a warm tones, pillows, and hanging greenery that feels comfortable and well-designed.",boho_chic
What kind of materials and colors do you imagine for the space?,I want a traditional materials and refined finishes that feels comfortable and well-designed.,classic
How do you want the room to feel when someone walks in?,"I want a white walls, warm wood tones, and simple clean lines that feels comfortable and well-designed.",scandinavian
How would you like the room to look after the redesign?,I want a traditional materials and refined finishes that feels comfortable and well-designed.,classic
Describe the feeling and atmosphere you want in the room.,I want a natural wood and warm earthy colors that feels comfortable and well-designed.,rustic
How do you want the room to feel when someone walks in?,I want a eclectic mix of patterns and lots of plants that feels comfortable and well-designed.,boho_chic
How do you want the room to feel when someone walks in?,"I want a rich details, symmetry, and deep elegant colors that feels comfortable and well-designed.",classic
Describe your dream version of this room.,I want a balanced layout with decorative moldings that feels comfortable and well-designed.,classic
Describe your dream version of this room.,I want a metal frames and dark colors with a rough finish that feels comfortable and well-designed.,industrial
What kind of materials and colors do you imagine for the space?,I want a rich colors and layered ethnic textiles that feels comfortable and well-designed.,boho_chic
How would you like the room to look after the redesign?,I want a light wood furniture and minimal decoration that feels comfortable and well-designed.,scandinavian
Describe your dream version of this room.,I want a glass and metal elements with a functional layout that feels comfortable and well-designed.,modern
How would you like the room to look after the redesign?,"I want a white walls, warm wood tones, and simple clean lines that feels comfortable and well-designed.",scandinavian
Describe the feeling and atmosphere you want in the room.,I want a rich colors and layered ethnic textiles that feels comfortable and well-designed.,boho_chic
What kind of materials and colors do you imagine for the space?,I want a eclectic mix of patterns and lots of plants that feels comfortable and well-designed.,boho_chic
How do you want the room to feel when someone walks in?,"I want a white walls, warm wood tones, and simple clean lines that feels comfortable and well-designed.",scandinavian
What kind of materials and colors do you imagine for the space?,I want a soft lighting and warm wooden textures that feels comfortable and well-designed.,rustic
How do you want the room to feel when someone walks in?,I want a bright space with lots of natural light and soft textiles that feels comfortable and well-designed.,scandinavian
How do you want the room to feel when someone walks in?,I want a farmhouse style with vintage decor that feels comfortable and well-designed.,rustic
How would you like the room to look after the redesign?,I want a soft lighting and warm wooden textures that feels comfortable and well-designed.,rustic
What kind of materials and colors do you imagine for the space?,I want a eclectic mix of patterns and lots of plants that feels comfortable and well-designed.,boho_chic
Describe the feeling and atmosphere you want in the room.,I want a unfinished textures and visible pipes that feels comfortable and well-designed.,industrial
Describe the feeling and atmosphere you want in the room.,"I want a soft rugs, pale colors, and an open uncluttered layout that feels comfortable and well-designed.",scandinavian
What kind of materials and colors do you imagine for the space?,"I want a white walls, warm wood tones, and simple clean lines that feels comfortable and well-designed.",scandinavian
How do you want the room to feel when someone walks in?,I want a farmhouse style with vintage decor that feels comfortable and well-designed.,rustic
How would you like the room to look after the redesign?,I want a ornate elements with a timeless luxurious feel that feels comfortable and well-designed.,classic
Describe your dream version of this room.,I want a free-spirited style with mixed cultural elements that feels comfortable and well-designed.,boho_chic
How do you want the room to feel when someone walks in?,I want a ornate elements with a timeless luxurious feel that feels comfortable and well-designed.,classic
How would you like the room to look after the redesign?,"I want a rich details, symmetry, and deep elegant colors that feels comfortable and well-designed.",classic
How do you want the room to feel when someone walks in?,I want a farmhouse style with vintage decor that feels comfortable and well-designed.,rustic
How would you like the room to look after the redesign?,"I want a white walls, warm wood tones, and simple clean lines that feels comfortable and well-designed.",scandinavian
How would you like the room to look after the redesign?,I want a minimal furniture with sharp geometric shapes that feels comfortable and well-designed.,modern
Describe your dream version of this room.,I want a neutral colors with a focus on practicality that feels comfortable and well-designed.,modern
Describe the feeling and atmosphere you want in the room.,I want a eclectic mix of patterns and lots of plants that feels comfortable and well-designed.,boho_chic
How would you like the room to look after the redesign?,I want a rich colors and layered ethnic textiles that feels comfortable and well-designed.,boho_chic
Describe the feeling and atmosphere you want in the room.,I want a handcrafted furniture and a homey feeling that feels comfortable and well-designed.,rustic
Describe the feeling and atmosphere you want in the room.,I want a rugged materials and bold industrial lighting that feels comfortable and well-designed.,industrial
What kind of materials and colors do you imagine for the space?,"I want a soft rugs, pale colors, and an open uncluttered layout that feels comfortable and well-designed.",scandinavian
Describe the feeling and atmosphere you want in the room.,I want a airy feeling with neutral colors and cozy fabrics that feels comfortable and well-designed.,scandinavian
How do you want the room to feel when someone walks in?,"I want a rich details, symmetry, and deep elegant colors that feels comfortable and well-designed.",classic
Describe the feeling and atmosphere you want in the room.,I want a soft lighting and warm wooden textures that feels comfortable and well-designed.,rustic
How do you want the room to feel when someone walks in?,I want a eclectic mix of patterns and lots of plants that feels comfortable and well-designed.,boho_chic
Describe your dream version of this room.,I want a natural wood and warm earthy colors that feels comfortable and well-designed.,rustic
Describe your dream version of this room.,I want a bright space with lots of natural light and soft textiles that feels comfortable and well-designed.,scandinavian
What kind of materials and colors do you imagine for the space?,I want a glass and metal elements with a functional layout that feels comfortable and well-designed.,modern
Describe the feeling and atmosphere you want in the room.,I want a glass and metal elements with a functional layout that feels comfortable and well-designed.,modern
How do you want the room to feel when someone walks in?,I want a eclectic mix of patterns and lots of plants that feels comfortable and well-designed.,boho_chic
Describe the feeling and atmosphere you want in the room.,I want a minimal furniture with sharp geometric shapes that feels comfortable and well-designed.,modern
Describe the feeling and atmosphere you want in the room.,I want a rich colors and layered ethnic textiles that feels comfortable and well-designed.,boho_chic
What kind of materials and colors do you imagine for the space?,I want a bright space with lots of natural light and soft textiles that feels comfortable and well-designed.,scandinavian
What kind of materials and colors do you imagine for the space?,I want a light wood furniture and minimal decoration that feels comfortable and well-designed.,scandinavian
How would you like the room to look after the redesign?,I want a natural wood and warm earthy colors that feels comfortable and well-designed.,rustic
How do you want the room to feel when someone walks in?,I want a minimal furniture with sharp geometric shapes that feels comfortable and well-designed.,modern
How do you want the room to feel when someone walks in?,"I want a rich details, symmetry, and deep elegant colors that feels comfortable and well-designed.",classic
What kind of materials and colors do you imagine for the space?,I want a minimal furniture with sharp geometric shapes that feels comfortable and well-designed.,modern
Describe your dream version of this room.,I want a soft lighting and warm wooden textures that feels comfortable and well-designed.,rustic
How would you like the room to look after the redesign?,I want a bright space with lots of natural light and soft textiles that feels comfortable and well-designed.,scandinavian
Describe the feeling and atmosphere you want in the room.,I want a farmhouse style with vintage decor that feels comfortable and well-designed.,rustic
Describe your dream version of this room.,I want a handcrafted furniture and a homey feeling that feels comfortable and well-designed.,rustic
Describe your dream version of this room.,I want a artistic vibe with handmade decorations that feels comfortable and well-designed.,boho_chic
Describe the feeling and atmosphere you want in the room.,I want a handcrafted furniture and a homey feeling that feels comfortable and well-designed.,rustic
What kind of materials and colors do you imagine for the space?,"I want a soft rugs, pale colors, and an open uncluttered layout that feels comfortable and well-designed.",scandinavian
How would you like the room to look after the redesign?,I want a clean lines and a monochrome color palette that feels comfortable and well-designed.,modern
What kind of materials and colors do you imagine for the space?,I want a bright space with lots of natural light and soft textiles that feels comfortable and well-designed.,scandinavian
Describe the feeling and atmosphere you want in the room.,I want a rich colors and layered ethnic textiles that feels comfortable and well-designed.,boho_chic
Describe the feeling and atmosphere you want in the room.,I want a light wood furniture and minimal decoration that feels comfortable and well-designed.,scandinavian
What kind of materials and colors do you imagine for the space?,I want a clean lines and a monochrome color palette that feels comfortable and well-designed.,modern
How do you want the room to feel when someone walks in?,I want a ornate elements with a timeless luxurious feel that feels comfortable and well-designed.,classic
How do you want the room to feel when someone walks in?,I want a sleek surfaces and a clutter-free design that feels comfortable and well-designed.,modern
Describe your dream version of this room.,I want a light wood furniture and minimal decoration that feels comfortable and well-designed.,scandinavian
How do you want the room to feel when someone walks in?,I want a rugged materials and bold industrial lighting that feels comfortable and well-designed.,industrial
Describe the feeling and atmosphere you want in the room.,I want a marble surfaces and solid wood furniture that feels comfortable and well-designed.,classic
Describe your dream version of this room.,I want a natural wood and warm earthy colors that feels comfortable and well-designed.,rustic
How would you like the room to look after the redesign?,I want a handcrafted furniture and a homey feeling that feels comfortable and well-designed.,rustic
How do you want the room to feel when someone walks in?,I want a urban loft feeling with iron and wood that feels comfortable and well-designed.,industrial
Describe your dream version of this room.,I want a traditional materials and refined finishes that feels comfortable and well-designed.,classic
What kind of materials and colors do you imagine for the space?,I want a ornate elements with a timeless luxurious feel that feels comfortable and well-designed.,classic
Describe your dream version of this room.,I want a neutral colors with a focus on practicality that feels comfortable and well-designed.,modern
What kind of materials and colors do you imagine for the space?,I want a minimal furniture with sharp geometric shapes that feels comfortable and well-designed.,modern
How would you like the room to look after the redesign?,I want a rich colors and layered ethnic textiles that feels comfortable and well-designed.,boho_chic
What kind of materials and colors do you imagine for the space?,I want a soft lighting and warm wooden textures that feels comfortable and well-designed.,rustic
What kind of materials and colors do you imagine for the space?,I want a light wood furniture and minimal decoration that feels comfortable and well-designed.,scandinavian
How would you like the room to look after the redesign?,I want a urban loft feeling with iron and wood that feels comfortable and well-designed.,industrial
How do you want the room to feel when someone walks in?,"I want a soft rugs, pale colors, and an open uncluttered layout that feels comfortable and well-designed.",scandinavian
How would you like the room to look after the redesign?,I want a natural wood and warm earthy colors that feels comfortable and well-designed.,rustic
Describe the feeling and atmosphere you want in the room.,"I want a rich details, symmetry, and deep elegant colors that feels comfortable and well-designed.",classic
Describe your dream version of this room.,I want a sleek surfaces and a clutter-free design that feels comfortable and well-designed.,modern
How would you like the room to look after the redesign?,I want a exposed brick walls and raw concrete surfaces that feels comfortable and well-designed.,industrial
Describe your dream version of this room.,I want a farmhouse style with vintage decor that feels comfortable and well-designed.,rustic
How do you want the room to feel when someone walks in?,I want a airy feeling with neutral colors and cozy fabrics that feels comfortable and well-designed.,scandinavian
How would you like the room to look after the redesign?,I want a airy feeling with neutral colors and cozy fabrics that feels comfortable and well-designed.,scandinavian
Describe the feeling and atmosphere you want in the room.,I want a minimal furniture with sharp geometric shapes that feels comfortable and well-designed.,modern
Describe the feeling and atmosphere you want in the room.,I want a sleek surfaces and a clutter-free design that feels comfortable and well-designed.,modern
Describe the feeling and atmosphere you want in the room.,I want a rich colors and layered ethnic textiles that feels comfortable and well-designed.,boho_chic
How do you want the room to feel when someone walks in?,"I want a soft rugs, pale colors, and an open uncluttered layout that feels comfortable and well-designed.",scandinavian
How do you want the room to feel when someone walks in?,I want a rugged materials and bold industrial lighting that feels comfortable and well-designed.,industrial
How do you want the room to feel when someone walks in?,I want a rich colors and layered ethnic textiles that feels comfortable and well-designed.,boho_chic
Describe the feeling and atmosphere you want in the room.,I want a light wood furniture and minimal decoration that feels comfortable and well-designed.,scandinavian
Describe your dream version of this room.,I want a soft lighting and warm wooden textures that feels comfortable and well-designed.,rustic
How do you want the room to feel when someone walks in?,I want a balanced layout with decorative moldings that feels comfortable and well-designed.,classic
Describe your dream version of this room.,"I want a warm tones, pillows, and hanging greenery that feels comfortable and well-designed.",boho_chic
How do you want the room to feel when someone walks in?,I want a soft lighting and warm wooden textures that feels comfortable and well-designed.,rustic
Describe your dream version of this room.,I want a rich colors and layered ethnic textiles that feels comfortable and well-designed.,boho_chic
What kind of materials and colors do you imagine for the space?,I want a eclectic mix of patterns and lots of plants that feels comfortable and well-designed.,boho_chic
How do you want the room to feel when someone walks in?,I want a airy feeling with neutral colors and cozy fabrics that feels comfortable and well-designed.,scandinavian
Describe the feeling and atmosphere you want in the room.,I want a cozy atmosphere with nostalgic elements that feels comfortable and well-designed.,rustic
Describe your dream version of this room.,"I want a rich details, symmetry, and deep elegant colors that feels comfortable and well-designed.",classic
Describe the feeling and atmosphere you want in the room.,I want a balanced layout with decorative moldings that feels comfortable and well-designed.,classic
What kind of materials and colors do you imagine for the space?,I want a natural wood and warm earthy colors that feels comfortable and well-designed.,rustic
Describe the feeling and atmosphere you want in the room.,I want a marble surfaces and solid wood furniture that feels comfortable and well-designed.,classic
Describe your dream version of this room.,I want a neutral colors with a focus on practicality that feels comfortable and well-designed.,modern
Describe your dream version of this room.,I want a clean lines and a monochrome color palette that feels comfortable and well-designed.,modern
Describe your dream version of this room.,I want a cozy atmosphere with nostalgic elements that feels comfortable and well-designed.,rustic
Describe your dream version of this room.,I want a farmhouse style with vintage decor that feels comfortable and well-designed.,rustic
Describe the feeling and atmosphere you want in the room.,I want a light wood furniture and minimal decoration that feels comfortable and well-designed.,scandinavian
What kind of materials and colors do you imagine for the space?,I want a ornate elements with a timeless luxurious feel that feels comfortable and well-designed.,classic
How would you like the room to look after the redesign?,I want a marble surfaces and solid wood furniture that feels comfortable and well-designed.,classic
What kind of materials and colors do you imagine for the space?,"I want a white walls, warm wood tones, and simple clean lines that feels comfortable and well-designed.",scandinavian
How do you want the room to feel when someone walks in?,I want a light wood furniture and minimal decoration that feels comfortable and well-designed.,scandinavian
How do you want the room to feel when someone walks in?,I want a soft lighting and warm wooden textures that feels comfortable and well-designed.,rustic
How do you want the room to feel when someone walks in?,I want a unfinished textures and visible pipes that feels comfortable and well-designed.,industrial
What kind of materials and colors do you imagine for the space?,I want a glass and metal elements with a functional layout that feels comfortable and well-designed.,modern
Describe your dream version of this room.,I want a glass and metal elements with a functional layout that feels comfortable and well-designed.,modern
Describe your dream version of this room.,I want a free-spirited style with mixed cultural elements that feels comfortable and well-designed.,boho_chic
How do you want the room to feel when someone walks in?,I want a handcrafted furniture and a homey feeling that feels comfortable and well-designed.,rustic
How would you like the room to look after the redesign?,I want a natural wood and warm earthy colors that feels comfortable and well-designed.,rustic
How do you want the room to feel when someone walks in?,I want a ornate elements with a timeless luxurious feel that feels comfortable and well-designed.,classic
How would you like the room to look after the redesign?,I want a marble surfaces and solid wood furniture that feels comfortable and well-designed.,classic
How do you want the room to feel when someone walks in?,I want a marble surfaces and solid wood furniture that feels comfortable and well-designed.,classic
How would you like the room to look after the redesign?,"I want a warm tones, pillows, and hanging greenery that feels comfortable and well-designed.",boho_chic
What kind of materials and colors do you imagine for the space?,I want a sleek surfaces and a clutter-free design that feels comfortable and well-designed.,modern
How would you like the room to look after the redesign?,I want a clean lines and a monochrome color palette that feels comfortable and well-designed.,modern
Describe your dream version of this room.,I want a rich colors and layered ethnic textiles that feels comfortable and well-designed.,boho_chic
Describe the feeling and atmosphere you want in the room.,"I want a warm tones, pillows, and hanging greenery that feels comfortable and well-designed.",boho_chic
How would you like the room to look after the redesign?,I want a light wood furniture and minimal decoration that feels comfortable and well-designed.,scandinavian
How would you like the room to look after the redesign?,I want a artistic vibe with handmade decorations that feels comfortable and well-designed.,boho_chic
How do you want the room to feel when someone walks in?,I want a bright space with lots of natural light and soft textiles that feels comfortable and well-designed.,scandinavian
How would you like the room to look after the redesign?,"I want a soft rugs, pale colors, and an open uncluttered layout that feels comfortable and well-designed.",scandinavian
How do you want the room to feel when someone walks in?,I want a rich colors and layered ethnic textiles that feels comfortable and well-designed.,boho_chic
What kind of materials and colors do you imagine for the space?,I want a ornate elements with a timeless luxurious feel that feels comfortable and well-designed.,classic
What kind of materials and colors do you imagine for the space?,I want a sleek surfaces and a clutter-free design that feels comfortable and well-designed.,modern
What kind of materials and colors do you imagine for the space?,I want a artistic vibe with handmade decorations that feels comfortable and well-designed.,boho_chic
Describe the feeling and atmosphere you want in the room.,I want a balanced layout with decorative moldings that feels comfortable and well-designed.,classic
How would you like the room to look after the redesign?,I want a soft lighting and warm wooden textures that feels comfortable and well-designed.,rustic
Describe your dream version of this room.,I want a balanced layout with decorative moldings that feels comfortable and well-designed.,classic
How would you like the room to look after the redesign?,I want a neutral colors with a focus on practicality that feels comfortable and well-designed.,modern
How would you like the room to look after the redesign?,"quite quite I want a free-spirited boho vibe with ethnic textiles and greenery, with ethnic. It should feel feel cozy and well-organized...!!",boho_chic
How would you like the room to look after the redesign?,"I want industrial materials like concrete and iron with a gritty vibe, with unfinished, metal. It should feel comfortable and well-organized.",industrial
Describe the style you want for the room after the makeover.,"very I want simple clean lines, uncluttered surfaces, and warm light, with neutral palette, white walls. It should feel cozy and relaxed!",scandinavian
How would you like the room to look after the redesign?,"very I want an eclectic mix of patterns, rugs, and handmade decor, with ethnic, patterns, artsy. It should feel fresh and relaxed...",boho_chic
Describe the style you want for the room after the makeover.,"quite I want a calm neutral palette with soft rugs and cozy textiles, with natural light, airy. It should feel cozy and balanced!",scandinavian
"In your own words, what should the redesigned room feel like?","I   want   a   a   loft-style   room   with   iorn   iorn   details   uh   and   tones,   with   loft.   It   should   inviting   and   relaxed....   🧱",industrial
What atmosphere and look are you aiming for in this room?,"I want an eclectic mix of patterns, rugs, and handmade decor, with layered textiles, eclectic, ethnic. It should feel cozy and relaxed.",boho_chic
How would you like the room to look after the redesign?,"kind of I want farmhouse-inspired comfort with wood textures and soft lighting, with warm colors. It should feel calm and relaxed.",rustic
How would you like the room to look after the redesign?,"I want an airy, bright room with lots of natural light, with minimal, clean, neutral palette. It should feel inviting and functional!",scandinavian
"In your own words, what should the redesigned room feel like?","I want warm materials, natural finishes, and a welcoming atmosphere, with homey, vintage, nostalgic. It should feel calm and clean...",rustic
Describe the style you want for the room after the makeover.,"I I clean lines with a monochrome color scheme, with smooth surfaces, glass, meta.l meta.l It should feel czoy czoy and and well-organized. 🙂",modern
"In your own words, what should the redesigned room feel like?","kind of I watn watn neutral tones, smooth srufaces, srufaces, and practical practical furniture, with monochrome. It should feel fresh and and balanced balanced",modern
What atmosphere and look are you aiming for in this room?,"spuer spuer I want warm tones, and and plants for a boho-chic look, with mixed, rugs. rugs. It should feel cozy well-organized...... 🙂",boho_chic
What atmosphere and look are you aiming for in this room?,"I want sleek glass and metal accents with a functional layout, with metal, sleek. It should feel fresh and balanced!",modern
Tell me what the room should look and feel like once it's finished.,"I want warm tones, cushions, and plants for a a boho-chic look, layered textiles, textiles, patterns. It It should feel calm and and well-organized 💡",boho_chic
"In your own words, what should the redesigned room feel like?","I  want  a  minimalist  modern  modern  look  look  with  geometric  shapes,  with  clean  lines,  functional.  It  should  feel  feel  cozy  and  and  functional.  🙂",modern
What atmosphere and look are you aiming for in this room?,"I want raw concrete surfaces surfaces with exposed brick and metal, with dark tones, loft. should feel fresh and balanced!! 💡",industrial
What atmosphere and look are you aiming for in this room?,"I want simple clean lines, uncluttered surfaces, and warm light, with soft textiles, natural light. It should feel inviting and functional.",scandinavian
Describe the style you want for the room after the makeover.,"I want unfinished textures, visible pipes, and rugged lighting, with loft, concrete. It should feel calm and relaxed.",industrial
Tell me what the room should look and feel like once it's finished.,"I want farmhouse-inspired comfort with wood textures and soft lighting, with handcrafted, homey. It should feel inviting and clean.",rustic
Tell me what the room should look and feel like once it's finished.,"really I want traditional elegance with polished wood and classic proportions, with ornate, deep colors. It should feel calm and functional.",classic
"In your own words, what should the redesigned room feel like?","pretty I want clean lines with a monochrome color scheme, with minimal decor, glass. It should feel fresh and clean!!",modern
How would you like the room to look after the redesign?,"I want rich colors with layered textiles and lots of plants, with ethnic, patterns. It should feel inviting and clean",boho_chic
"In your own words, what should the redesigned room feel like?","I watn watn simple clean lines, uncluttered uncluttered surfaces, and wamr wamr with you know with cozy, cozy, clean, clean, white walls. walls. It shuold shuold fresh and balanced...",scandinavian
How would you like the room to look after the redesign?,"I want warm tones, cushions, and plants for a boho-chic look, with artsy, plants. It should feel calm and relaxed!!",boho_chic
Tell me what the room should look and feel like once it's finished.,"very I want industrial materials like concrete and iron with a gritty vibe, with metal, rough, unfinished. It should feel calm and clean!!",industrial
"In your own words, what should the redesigned room feel like?","I want colorful accents, mixed styles, and an artsy relaxed feel, with rugs. It should feel inviting and well-organized!!",boho_chic
How would you like the room to look after the redesign?,"I want colorful tbh accents, mixed styles, and and artsy relaxed feel, with artsy. It should feel cozy well-organized! well-organized!",boho_chic
What atmosphere and look are you aiming for in this room?,"I want traditional elegance elegance with polished wood wood and classic proportions, with ornate, elegant, It should comfortable balanced",classic
Describe the style you want for the room after the makeover.,"totally I want industrial materials like concrete and iron with a gritty vibe, with iron, loft, rough. It should feel fresh and clean...",industrial
How would you like the room to look after the redesign?,"qiute qiute I want want neutral neutral tones, smooth surfaces, and prcatical prcatical furniture, with geometric. It should kinda feel inviting balacned!! balacned!!",modern
Tell me what the room should look and feel like once it's finished.,"pretty kinda I I want want a rough urban feel with steel, steel, wood, and bold fixtures, wtih wtih iron, unfinished. It shoudl shoudl feel feel cozy and well-organized.",industrial
"In your own words, what should the redesigned room feel like?","super I want pale tones, light oak, and a cozy minimalist vibe, with clean, bright, minimal. It should feel cozy and balanced!",scandinavian
Tell me what the room should look and feel like once it's finished.,"kind of I want pale tones, light oak, and a cozy minimalist vibe, with simple, light wood, cozy. It should feel fresh and clean!!",scandinavian
What atmosphere and look are you aiming for in this room?,"kind of I want raw concrete surfaces with exposed brick and metal, with raw, metal, loft. It should feel calm and well-organized.",industrial
Describe the style you want for the room after the makeover.,"I want simple clean lines, uncluttered surfaces, and warm light, with simple, paltete, paltete, natural light. It should feel comfortable and functional! functional!",scandinavian
What atmosphere and look are you aiming for in this room?,"I want raw concrete surfaces with exposed brick and metal, with metal. It should feel inviting and balanced",industrial
What atmosphere and look are you aiming for in this room?,"I want an eclectic mix of patterns, rugs, and handmade decor, with mixed, artsy. It should feel calm and functional...",boho_chic
How would you like the room to look after the redesign?,"I want a rough urban feel with steel, wood, and bold fixtures, with dark tones, raw. It should feel cozy and relaxed!!",industrial
"In your own words, what should the redesigned room feel like?","totally I want traditional elegance with polished wood and classic proportions, with luxury. It should feel comfortable and relaxed!",classic
Tell me what the room should look and feel like once it's finished.,"I want raw concrete surfaces with exposed brick and metal, with loft, rough, pipes. It should feel comfortable and functional...",industrial
"In your own words, what should the redesigned room feel like?","pretty I want a loft-style room with iron details and dark tones, with loft, exposed brick. It should feel calm and clean!!",industrial
Describe the style you want for the room after the makeover.,"I want handcrafted furniture, warm tones, and a nostalgic touch, with natural wood, earthy, nostalgic. It should feel comfortable and functional",rustic
Describe the style you want for the room after the makeover.,"I want a calm neutral palette with soft rugs and cozy textiles, with natural light, soft textiles, neutral palette. It should feel fresh and functional!!",scandinavian
Describe the style you want for the room after the makeover.,"really I want industrial materials like concrete and iron with a gritty vibe, with exposed brick, raw, iron. It should feel fresh and relaxed...",industrial
What atmosphere and look are you aiming for in this room?,"totally I want traditional elegance with polished wood and classic proportions, with luxury, elegant, rich details. It should feel inviting and clean!",classic
"In your own words, what should the redesigned room feel like?","I want handcrafted furniture, warm tones, and a nostalgic touch, with homey. It should feel inviting and clean.",rustic
How would you like the room to look after the redesign?,"I want a rough urban feel with steel, wodo, wodo, and bold bold fixtures, with unfinished, exposed brick. It should feel kinda fresh and well-organized.",industrial
How would you like the room to look after the redesign?,"I want raw concrete surfaces with exposed brick and metal, with exposed brick, iron. It should feel comfortable and well-organized!",industrial
What atmosphere and look are you aiming for in this room?,"really I want deep elegant colors with marble and solid wood, with timeless. It should feel fresh and balanced.",classic
"In your own words, what should the redesigned room feel like?","I want a homey rustic vibe with vintage details and warm light, with warm lighting, cozy. It should feel cozy and clean!",rustic
How would you like the room to look after the redesign?,"I want colorful accents, mixed styles, and an artsy relaxed feel, with mixed, patterns. It should feel comfortable and clean!",boho_chic
"In your own words, what should the redesigned room feel like?","I want decorative moldings with quality materials and a luxurious feel, with deep colors, moldings. It should feel fresh and well-organized.",classic
Tell me what the room should look and feel like once it's finished.,"I want ornate touches, refined finishes, and and a baalnced baalnced layout, with moldings. It should feel calm kinda and well-organized... well-organized...",classic
"In your own words, what should the redesigned room feel like?","I want deep elgeant elgeant colors with marble and solid wood, with wood, timeless, marble. It should kinda feel cozy and and relaxed!!",classic
"In your own words, what should the redesigned room feel like?","I want a calm neutral palette with soft rugs and cozy textiles, with soft textiles, airy, minimal. It should feel comfortable and well-organized!",scandinavian
How would you like the room to look after the redesign?,"I I want pael pael tones, honestly light oak, oak, and a a cozy minimalist minimalist vibe, with soft textiles. It feel feel fresh and relaxed...",scandinavian
What atmosphere and look are you aiming for in this room?,"I   want   light   wood   furniture,   white   walls,   and   a   a   minimal   layout,   layout,   with   light   wood,   like   cozy.   It   It   should   feel   feel   cozy   and   balanced.",scandinavian
What atmosphere and look are you aiming for in this room?,"I want natural wood with warm earthy colors and a cozy feeling, with handcrafted. It should feel fresh and clean",rustic
How would you like the room to look after the redesign?,"I want unfinished textures, visible pipes, and rugged lighting, with exposed brick, raw, unfinished. It should feel calm and balanced...",industrial
"In your own words, what should the redesigned room feel like?","I want traditional elegance with polished wood and classic proportions, with luxury, timeless. It should feel inviting and clean",classic
Tell me what the room should look and feel like once it's finished.,"I want light wood furniture, white walls, and a minimal layout, with neutral palette, light wood. It should feel fresh and relaxed!!",scandinavian
How would you like the room to look after the redesign?,"I I want a free-spirited boho vibe with ethnic ethnic textiles and greenery, with eclectic, rich colors, patterns. It should feel fresh and and well-organized",boho_chic
Tell me what the room should look and feel like once it's finished.,"I want industrial materials like concrete and iron with a gritty vibe, with loft, concrete, iron. It should feel comfortable and functional!",industrial
What atmosphere and look are you aiming for in this room?,"I want deep elegant colors with marble and solid wood, with rich details. It should feel fresh and well-organized.",classic
How would you like the room to look after the redesign?,"very I want light wood furniture, white walls, and a minimal layout, with soft textiles, neutral palette. It should feel calm and functional!",scandinavian
Tell me what the room should look and feel like once it's finished.,"pretty I want want natural wood wiht wiht warm earthy colors colors and cozy cozy feeling, with cozy. It shoudl shoudl feel inviting inviting and well-organized",rustic
"In your own words, what should the redesigned room feel like?","I want an airy, bright room with lots of natural light, with bright, neutral palette. It should feel comfortable and relaxed...",scandinavian
"In your own words, what should the redesigned room feel like?","want a a rough urban feel with with steel, steel, wood, wood, and and bold fixtuers, fixtuers, wiht wiht dark dark tones. It sohuld sohuld feel feel czoy czoy and balanced!! you know",industrial
Tell me what the room should look and feel like once it's finished.,"I want industrial materials like concrete and iron with a gritty vibe, with dark tones, exposed brick. It should feel fresh and well-organized!!",industrial
What atmosphere and look are you aiming for in this room?,"I want ornate touches, refined finishes, and a balanced layout, with ornate, marble, luxury. It should feel fresh and well-organized",classic
How would you like the room to look after the redesign?,"I want a timeless classic look with rich details and symmetry, with rich details, timeless, moldings. It should feel fresh and balanced...",classic
How would you like the room to look after the redesign?,"I want warm tones, cushions, and plants for a boho-chic look, with ethnic, rich colors, artsy. It should feel inviting and functional",boho_chic
How would you like the room to look after the redesign?,"I want deep elegant colors with marble and solid wood, with deep colors. It should feel fresh and clean...",classic
What atmosphere and look are you aiming for in this room?,"really I want a minimalist modern look with sharp geometric shapes, with minimal decor, functional. It should feel inviting and well-organized!",modern
"In your own words, what should the redesigned room feel like?","I want wram wram materials, natural finishes, and a welcoming atmosphere, with farmhouse. It should feel comfortable and and balanced.",rustic
Describe the style you want for the room after the makeover.,"I want clean lines with monochrome color scheme, with smooth surfaces, clean lines, functional. It should feel calm and balanced.",modern
Describe the style you want for the room after the makeover.,"I want industrial materials like concrete and iron with a gritty vibe, with iron. It should feel comfortable and clean!",industrial
Tell me what the room should look and feel like once it's finished.,"quite I want a calm neutral palette with soft rugs and cozy textiles, with minimal. It should feel calm and clean...",scandinavian
Describe the style you want for the room after the makeover.,"I want a calm neutral palette with soft rugs and cozy textiles, with soft textiles. It should feel comfortable and clean...",scandinavian
How would you like the room to look after the redesign?,"totally I want raw concrete surfaces with exposed brick and metal, with raw, dark tones. It should feel cozy and functional",industrial
Describe the style you want for the room after the makeover.,"super I want a rough urban feel with steel, wood, and bold fixtures, with unfinished, concrete. It should feel comfortable and well-organized!",industrial
Tell me what the room should look and feel like once it's finished.,"I want natural wood with warm earthy colors and a cozy feeling, with homey, vintage. It should feel comfortable and well-organized.",rustic
"In your own words, what should the redesigned room feel like?","very I watn watn framhouse-inspired framhouse-inspired comfort with wood textures and lighting, with earthy, natural wood, homey. It feel cozy and and relaxed!!",rustic
How would you like the room to look after the redesign?,"I want neutral tones, smooth surfaces, and practical furniture, with metal. It should feel cozy and well-organized.",modern
What atmosphere and look are you aiming for in this room?,"I want traditional elegance with polished wood and classic proportions, with marble, symmetry. It should feel cozy and relaxed!",classic
What atmosphere and look are you aiming for in this room?,"I want a calm neutrla neutrla palette with with soft rusg rusg and cozy textiles, with soft textiles, palette. It should feel fresh and relaxe.d relaxe.d",scandinavian
How would you like the room to look after the redesign?,"watn watn maybe a clutter-free space with crisp edges and smiple smiple wiht wiht geometric, claen claen lines, monocrhome. monocrhome. It should feel feel comfortable and functional!",modern
What atmosphere and look are you aiming for in this room?,"super I want traditional elegance with polished wood and classic proportions, with marble, rich details, elegant. It should feel cozy and relaxed...",classic
Describe the style you want for the room after the makeover.,"I want clean lines with a monochrome color scheme, with smooth surfaces, functional. It should feel fresh and balanced.",modern
How would you like the room to look after the redesign?,"I   want   simple   clean   liens,   liens,   uncluttered   surfaces,   wram   wram   light,   wtih   wtih   soft   textiles,   clean,   airy.   It   It   should   feel   coyz   coyz   and   realxed   realxed",scandinavian
Tell me what the room should look and feel like once it's finished.,"super I want warm tones, tones, cushions, and plants for a a with plants. It It should feel feel comfortable and well-organized...!",boho_chic
How would you like the room to look after the redesign?,"I want a loft-style room with with irno irno details and tones, with raw. It It should comfortable and relaxed!!",industrial
Describe the style you want for the room after the makeover.,"I want unfinished textures, visible pipes, and rugged lighting, with dark tones, concrete. It should feel fresh and well-organized...",industrial
Tell me what the room should look and feel like once it's finished.,"really I want decorative moldings moldings with quality and and a luxurious feel, with luxury, timeless, marble. It It should feel inviting and balanced",classic
What atmosphere and look are you aiming for in this room?,"pretty I want an air,y air,y bright room with lots of of natural light, wiht wiht simple, simple, nautral nautral light. It should feel comfortable balacned!! balacned!!",scandinavian
What atmosphere and look are you aiming for in this room?,"super I want a rough urban feel with steel, wood, and bold fixtures, with dark tones, loft, unfinished. It should feel calm and balanced!!",industrial
Tell me what the room should look and feel like once it's finished.,"I want want ornate touches, refined finishes, and and a blaanced blaanced layout, layout, with deep deep colors, luxury. luxury. It sholud sholud feel calm and and clean!... 🙂",classic
How would you like the room to look after the redesign?,"I want simple clean lines, uncluttered surfaces, and warm light, with clean. It should feel cozy and well-organized...",scandinavian
"In your own words, what should the redesigned room feel like?","I want neutral tones, smooth surfaces, and practical furniture, with glass, metal. It should feel calm and relaxed",modern
Tell me what the room should look and feel like once it's finished.,"I want an bright room with lots of natural light, maybe with soft soft textiles. It should feel cozy and well-organized!!",scandinavian
Describe the style you want for the room after the makeover.,"super I want neutral tones, smooth surfaces, and practical furniture, with smooth surfaces, functional. It should feel comfortable and clean",modern
What atmosphere and look are you aiming for in this room?,"pretty I want raw concrete surfaces with exposed brick and metal, with pipes, metal. It should feel fresh and relaxed!",industria
question,answer,design_style
Tell me how you imagine the room should feel.,"I want soft fabrics, pale tones, and simple furniture.",scandinavian
How would you like the room to look after the redesign?,I want timeless design with quality materials and refined finishes.,classic
Tell me how you imagine the room should feel.,"I want a rustik design, something like vintage furniture, earthy tones, and homey atmosphere.",rustic
Tell me how you imagine the room should feel.,"I want a moedrn design, something like monochrome colors, sleek furniture, and geometric shapes.",modern
How would you like the room to look after the redesign?,modern design,modern
What kind of design are you aiming for in this space?,"I want natural wood, warm colors, and a cozy farmhouse feeling.",rustic
What kind of design are you aiming for in this space?,"I want rich details, symmetry, deep colors, and elegant furniture.",classic
Describe what style you want for the room.,"I want a smooth surfaces with a minimalist and practical design, but I think it should be scandinavian style.",scandinavian
Describe what style you want for the room.,"I want a soft fabrics, pale tones, and simple furniture, but I think it should be industrial style.",industrial
How would you like the room to look after the redesign?,"I want a ethnic fabrics, greenery, and artistic relaxed feeling, but I think it should be modern style.",modern
Describe what style you want for the room.,I want industrial,industrial
How would you like the room to look after the redesign?,"I want soft fabrics, pale tones, and simple furniture.",scandinavian
How would you like the room to look after the redesign?,"I want a iron furniture, rugged lighting, and urban atmosphere, but I think it should be classic style.",classic
Tell me how you imagine the room should feel.,"I want vintage furniture, earthy tones, and homey atmosphere.",rustic
Tell me how you imagine the room should feel.,"I want a vintage furniture, earthy tones, and homey atmosphere, but I think it should be classic style.",classic
How would you like the room to look after the redesign?,industrial design,industrial
Describe what style you want for the room.,"I want monochrome colors, sleek furniture, and geometric shapes.",modern
What kind of design are you aiming for in this space?,"I want a wood textures with a welcoming rustic vibe, but I think it should be scandinavian style.",scandinavian
Tell me how you imagine the room should feel.,"I want eclectic mix of patterns, rugs, and handmade decor.",boho_chic
What kind of design are you aiming for in this space?,"I want neutral colors, clean lines, and an airy atmosphere.",scandinavian
How would you like the room to look after the redesign?,"I want a light wood furniture, white walls, cozy minimal feeling, but I think it should be boho_chic style.",boho_chic
How would you like the room to look after the redesign?,"I want colorful cushions, mixed styles, and warm boho atmosphere.",boho_chic
What kind of design are you aiming for in this space?,I want boho_chic,boho_chic
Describe what style you want for the room.,boho_chic room,boho_chic
How would you like the room to look after the redesign?,"I want layered textiles, lots of plants, and rich colors.",boho_chic
Describe what style you want for the room.,"I want a ethnic fabrics, greenery, and artistic relaxed feeling, but I think it should be modern style.",modern
What kind of design are you aiming for in this space?,"I want a clasic design, something like timeless design with quality materials and refined finishes.",classic
How would you like the room to look after the redesign?,"I want monochrome colors, sleek furniture, and geometric shapes.",modern
How would you like the room to look after the redesign?,rustic style,rustic
What kind of design are you aiming for in this space?,"I want ethnic fabrics, greenery, and artistic relaxed feeling.",boho_chic
What kind of design are you aiming for in this space?,"I want a clssic design, something like ornate decorations and balanced traditional layout.",classic
Tell me how you imagine the room should feel.,"I want a clean lines, glass and metal surfaces, functional layout, but I think it should be rustic style.",rustic
How would you like the room to look after the redesign?,I want timeless design with quality materials and refined finishes.,classic
What kind of design are you aiming for in this space?,"I want a bright room with lots of natural light and soft textiles, but I think it should be classic style.",classic
What kind of design are you aiming for in this space?,"I want a layered textiles, lots of plants, and rich colors, but I think it should be modern style.",modern
Describe what style you want for the room.,I want industrial,industrial
What kind of design are you aiming for in this space?,"I want a clasic design, something like timeless design with quality materials and refined finishes.",classic
Describe what style you want for the room.,"I want clean lines, glass and metal surfaces, functional layout.",modern
Describe what style you want for the room.,"I want a boho design, something like eclectic mix of patterns, rugs, and handmade decor.",boho_chic
Describe what style you want for the room.,modern style,modern
Describe what style you want for the room.,"I want a raw concrete, exposed brick, and dark metal elements, but I think it should be rustic style.",rustic
Describe what style you want for the room.,"I want a indutrial design, something like rough textures and bold industrial materials.",industrial
How would you like the room to look after the redesign?,modern room,modern
Tell me how you imagine the room should feel.,I want rough textures and bold industrial materials.,industrial
How would you like the room to look after the redesign?,"I want a indutrial design, something like rough textures and bold industrial materials.",industrial
How would you like the room to look after the redesign?,"I want neutral colors, clean lines, and an airy atmosphere.",scandinavian
Tell me how you imagine the room should feel.,"I want a colorful cushions, mixed styles, and warm boho atmosphere, but I think it should be classic style.",classic
Tell me how you imagine the room should feel.,"I want a light wood furniture, white walls, cozy minimal feeling, but I think it should be boho_chic style.",boho_chic
What kind of design are you aiming for in this space?,"I want a wood textures with a welcoming rustic vibe, but I think it should be modern style.",modern
How would you like the room to look after the redesign?,"I want a bohochic design, something like ethnic fabrics, greenery, and artistic relaxed feeling.",boho_chic
Tell me how you imagine the room should feel.,I want ornate decorations and balanced traditional layout.,classic
How would you like the room to look after the redesign?,"I want monochrome colors, sleek furniture, and geometric shapes.",modern
How would you like the room to look after the redesign?,rustic room,rustic
What kind of design are you aiming for in this space?,"I want unfinished surfaces, visible pipes, and loft-style layout.",industrial
Tell me how you imagine the room should feel.,"I want a rough textures and bold industrial materials, but I think it should be modern style.",modern
What kind of design are you aiming for in this space?,"I want colorful cushions, mixed styles, and warm boho atmosphere.",boho_chic
Tell me how you imagine the room should feel.,scandinavian design,scandinavian
Tell me how you imagine the room should feel.,"I want clean lines, glass and metal surfaces, functional layout.",modern
Describe what style you want for the room.,"I want a bright room with lots of natural light and soft textiles, but I think it should be classic style.",classic
What kind of design are you aiming for in this space?,industrial room,industrial
How would you like the room to look after the redesign?,boho_chic design,boho_chic
Tell me how you imagine the room should feel.,scandinavian room,scandinavian
Tell me how you imagine the room should feel.,"I want a boho-shik design, something like layered textiles, lots of plants, and rich colors.",boho_chic
Describe what style you want for the room.,"I want rich details, symmetry, deep colors, and elegant furniture.",classic
What kind of design are you aiming for in this space?,"I want a industria design, something like unfinished surfaces, visible pipes, and loft-style layout.",industrial
Tell me how you imagine the room should feel.,"I want a clasik design, something like ornate decorations and balanced traditional layout.",classic
What kind of design are you aiming for in this space?,"I want a rustik design, something like natural wood, warm colors, and a cozy farmhouse feeling.",rustic
What kind of design are you aiming for in this space?,"I want a smooth surfaces with a minimalist and practical design, but I think it should be rustic style.",rustic
What kind of design are you aiming for in this space?,"I want a unfinished surfaces, visible pipes, and loft-style layout, but I think it should be modern style.",modern
What kind of design are you aiming for in this space?,I want modern,modern
What kind of design are you aiming for in this space?,I want industrial,industrial
Tell me how you imagine the room should feel.,I want rough textures and bold industrial materials.,industrial
How would you like the room to look after the redesign?,"I want a indutrial design, something like unfinished surfaces, visible pipes, and loft-style layout.",industrial
How would you like the room to look after the redesign?,"I want a wood textures with a welcoming rustic vibe, but I think it should be modern style.",modern
Tell me how you imagine the room should feel.,"I want a marble surfaces, solid wood, and a luxurious atmosphere, but I think it should be boho_chic style.",boho_chic
Describe what style you want for the room.,rustic design,rustic
What kind of design are you aiming for in this space?,I want handcrafted details and nostalgic warm lighting.,rustic
Describe what style you want for the room.,"I want a marble surfaces, solid wood, and a luxurious atmosphere, but I think it should be industrial style.",industrial
Tell me how you imagine the room should feel.,modern style,modern
What kind of design are you aiming for in this space?,"I want a moedrn design, something like monochrome colors, sleek furniture, and geometric shapes.",modern
Describe what style you want for the room.,"I want a rustik design, something like natural wood, warm colors, and a cozy farmhouse feeling.",rustic
Describe what style you want for the room.,classic design,classic
Describe what style you want for the room.,"I want a moedrn design, something like monochrome colors, sleek furniture, and geometric shapes.",modern
How would you like the room to look after the redesign?,"I want marble surfaces, solid wood, and a luxurious atmosphere.",classic
Tell me how you imagine the room should feel.,"I want a monochrome colors, sleek furniture, and geometric shapes, but I think it should be scandinavian style.",scandinavian
What kind of design are you aiming for in this space?,"I want a bright room with lots of natural light and soft textiles, but I think it should be industrial style.",industrial
Describe what style you want for the room.,I want wood textures with a welcoming rustic vibe.,rustic
Describe what style you want for the room.,"I want a modren design, something like sharp edges, neutral palette, and modern lighting.",modern
Tell me how you imagine the room should feel.,modern design,modern
What kind of design are you aiming for in this space?,"I want a rutsic design, something like wood textures with a welcoming rustic vibe.",rustic
Describe what style you want for the room.,"I want a monochrome colors, sleek furniture, and geometric shapes, but I think it should be boho_chic style.",boho_chic
What kind of design are you aiming for in this space?,"I want a eclectic mix of patterns, rugs, and handmade decor, but I think it should be classic style.",classic
Describe what style you want for the room.,"I want a natural wood, warm colors, and a cozy farmhouse feeling, but I think it should be modern style.",modern
Tell me how you imagine the room should feel.,"I want a sharp edges, neutral palette, and modern lighting, but I think it should be scandinavian style.",scandinavian
What kind of design are you aiming for in this space?,"I want a vintage furniture, earthy tones, and homey atmosphere, but I think it should be boho_chic style.",boho_chic
What kind of design are you aiming for in this space?,I want handcrafted details and nostalgic warm lighting.,rustic
Tell me how you imagine the room should feel.,"I want a clasik design, something like marble surfaces, solid wood, and a luxurious atmosphere.",classic
Describe what style you want for the room.,"I want a bright room with lots of natural light and soft textiles, but I think it should be rustic style.",rustic
Tell me how you imagine the room should feel.,industrial design,industrial
What kind of design are you aiming for in this space?,"I want a moedrn design, something like clean lines, glass and metal surfaces, functional layout.",modern
Tell me how you imagine the room should feel.,I want rough textures and bold industrial materials.,industrial
How would you like the room to look after the redesign?,"I want a ornate decorations and balanced traditional layout, but I think it should be boho_chic style.",boho_chic
What kind of design are you aiming for in this space?,I want modern,modern
What kind of design are you aiming for in this space?,I want scandinavian,scandinavian
How would you like the room to look after the redesign?,"I want a iron furniture, rugged lighting, and urban atmosphere, but I think it should be classic style.",classic
How would you like the room to look after the redesign?,"I want rich details, symmetry, deep colors, and elegant furniture.",classic
Tell me how you imagine the room should feel.,"I want a boho shik design, something like colorful cushions, mixed styles, and warm boho atmosphere.",boho_chic
Describe what style you want for the room.,"I want a monochrome colors, sleek furniture, and geometric shapes, but I think it should be industrial style.",industrial
Tell me how you imagine the room should feel.,"I want a unfinished surfaces, visible pipes, and loft-style layout, but I think it should be boho_chic style.",boho_chic
Describe what style you want for the room.,I want boho_chic,boho_chic
Describe what style you want for the room.,"I want a industrail design, something like iron furniture, rugged lighting, and urban atmosphere.",industrial
What kind of design are you aiming for in this space?,"I want unfinished surfaces, visible pipes, and loft-style layout.",industrial
Describe what style you want for the room.,"I want a smooth surfaces with a minimalist and practical design, but I think it should be industrial style.",industrial
Tell me how you imagine the room should feel.,I want rough textures and bold industrial materials.,industrial
What kind of design are you aiming for in this space?,"I want marble surfaces, solid wood, and a luxurious atmosphere.",classic
Tell me how you imagine the room should feel.,"I want a unfinished surfaces, visible pipes, and loft-style layout, but I think it should be scandinavian style.",scandinavian
Describe what style you want for the room.,"I want a monochrome colors, sleek furniture, and geometric shapes, but I think it should be industrial style.",industrial
Tell me how you imagine the room should feel.,modern room,modern
What kind of design are you aiming for in this space?,I want scandinavian,scandinavian
Tell me how you imagine the room should feel.,"I want a light wood furniture, white walls, cozy minimal feeling, but I think it should be boho_chic style.",boho_chic
What kind of design are you aiming for in this space?,"I want a boho design, something like ethnic fabrics, greenery, and artistic relaxed feeling.",boho_chic
What kind of design are you aiming for in this space?,"I want a modrn design, something like sharp edges, neutral palette, and modern lighting.",modern
How would you like the room to look after the redesign?,"I want vintage furniture, earthy tones, and homey atmosphere.",rustic
What kind of design are you aiming for in this space?,modern style,modern
What kind of design are you aiming for in this space?,"I want neutral colors, clean lines, and an airy atmosphere.",scandinavian
Describe what style you want for the room.,"I want a bright room with lots of natural light and soft textiles, but I think it should be modern style.",modern
What kind of design are you aiming for in this space?,I want scandinavian,scandinavian
Describe what style you want for the room.,"I want a boho shik design, something like eclectic mix of patterns, rugs, and handmade decor.",boho_chic
Describe what style you want for the room.,"I want a light wood furniture, white walls, cozy minimal feeling, but I think it should be rustic style.",rustic
Tell me how you imagine the room should feel.,"I want a boho shik design, something like ethnic fabrics, greenery, and artistic relaxed feeling.",boho_chic
What kind of design are you aiming for in this space?,"I want a modren design, something like monochrome colors, sleek furniture, and geometric shapes.",modern
How would you like the room to look after the redesign?,"I want a moedrn design, something like monochrome colors, sleek furniture, and geometric shapes.",modern
How would you like the room to look after the redesign?,classic design,classic
How would you like the room to look after the redesign?,"I want a boho design, something like colorful cushions, mixed styles, and warm boho atmosphere.",boho_chic
Tell me how you imagine the room should feel.,"I want eclectic mix of patterns, rugs, and handmade decor.",boho_chic
Describe what style you want for the room.,"I want a boho shik design, something like eclectic mix of patterns, rugs, and handmade decor.",boho_chic
Tell me how you imagine the room should feel.,"I want a ethnic fabrics, greenery, and artistic relaxed feeling, but I think it should be industrial style.",industrial
What kind of design are you aiming for in this space?,"I want a clssic design, something like timeless design with quality materials and refined finishes.",classic
Tell me how you imagine the room should feel.,"I want a wood textures with a welcoming rustic vibe, but I think it should be classic style.",classic
How would you like the room to look after the redesign?,"I want a sharp edges, neutral palette, and modern lighting, but I think it should be rustic style.",rustic
How would you like the room to look after the redesign?,"I want a boho shik design, something like colorful cushions, mixed styles, and warm boho atmosphere.",boho_chic
Describe what style you want for the room.,"I want a rich details, symmetry, deep colors, and elegant furniture, but I think it should be boho_chic style.",boho_chic
Describe what style you want for the room.,"I want a eclectic mix of patterns, rugs, and handmade decor, but I think it should be modern style.",modern
Describe what style you want for the room.,classic style,classic
What kind of design are you aiming for in this space?,rustic style,rustic
How would you like the room to look after the redesign?,"I want a marble surfaces, solid wood, and a luxurious atmosphere, but I think it should be scandinavian style.",scandinavian
What kind of design are you aiming for in this space?,"I want a scandinavin design, something like light wood furniture, white walls, cozy minimal feeling.",scandinavian
What kind of design are you aiming for in this space?,boho_chic design,boho_chic
Tell me how you imagine the room should feel.,rustic style,rustic
What kind of design are you aiming for in this space?,"I want a marble surfaces, solid wood, and a luxurious atmosphere, but I think it should be rustic style.",rustic
How would you like the room to look after the redesign?,"I want a handcrafted details and nostalgic warm lighting, but I think it should be classic style.",classic
How would you like the room to look after the redesign?,I want rough textures and bold industrial materials.,industrial
How would you like the room to look after the redesign?,scandinavian design,scandinavian
How would you like the room to look after the redesign?,"I want a unfinished surfaces, visible pipes, and loft-style layout, but I think it should be modern style.",modern
Describe what style you want for the room.,"I want a sharp edges, neutral palette, and modern lighting, but I think it should be classic style.",classic
How would you like the room to look after the redesign?,"I want light wood furniture, white walls, cozy minimal feeling.",scandinavian
Tell me how you imagine the room should feel.,"I want a sharp edges, neutral palette, and modern lighting, but I think it should be industrial style.",industrial
What kind of design are you aiming for in this space?,"I want a soft fabrics, pale tones, and simple furniture, but I think it should be boho_chic style.",boho_chic
What kind of design are you aiming for in this space?,"I want neutral colors, clean lines, and an airy atmosphere.",scandinavian
How would you like the room to look after the redesign?,"I want a unfinished surfaces, visible pipes, and loft-style layout, but I think it should be boho_chic style.",boho_chic
Describe what style you want for the room.,"I want a monochrome colors, sleek furniture, and geometric shapes, but I think it should be rustic style.",rustic
How would you like the room to look after the redesign?,"I want a moedrn design, something like smooth surfaces with a minimalist and practical design.",modern
Describe what style you want for the room.,"I want a smooth surfaces with a minimalist and practical design, but I think it should be scandinavian style.",scandinavian
Tell me how you imagine the room should feel.,"I want marble surfaces, solid wood, and a luxurious atmosphere.",classic
Tell me how you imagine the room should feel.,"I want natural wood, warm colors, and a cozy farmhouse feeling.",rustic
Tell me how you imagine the room should feel.,"I want colorful cushions, mixed styles, and warm boho atmosphere.",boho_chic
Tell me how you imagine the room should feel.,"I want a modrn design, something like monochrome colors, sleek furniture, and geometric shapes.",modern
What kind of design are you aiming for in this space?,rustic design,rustic
How would you like the room to look after the redesign?,I want bright room with lots of natural light and soft textiles.,scandinavian
What kind of design are you aiming for in this space?,"I want a layered textiles, lots of plants, and rich colors, but I think it should be industrial style.",industrial
Describe what style you want for the room.,"I want a rustc design, something like vintage furniture, earthy tones, and homey atmosphere.",rustic
Describe what style you want for the room.,"I want a modrn design, something like clean lines, glass and metal surfaces, functional layout.",modern
How would you like the room to look after the redesign?,"I want iron furniture, rugged lighting, and urban atmosphere.",industrial
How would you like the room to look after the redesign?,"I want a rutsic design, something like wood textures with a welcoming rustic vibe.",rustic
How would you like the room to look after the redesign?,"I want a vintage furniture, earthy tones, and homey atmosphere, but I think it should be classic style.",classic
Tell me how you imagine the room should feel.,"I want a rutsic design, something like handcrafted details and nostalgic warm lighting.",rustic
Describe what style you want for the room.,"I want a handcrafted details and nostalgic warm lighting, but I think it should be modern style.",modern
How would you like the room to look after the redesign?,scandinavian style,scandinavian
What kind of design are you aiming for in this space?,"I want a handcrafted details and nostalgic warm lighting, but I think it should be industrial style.",industrial
Tell me how you imagine the room should feel.,"I want rich details, symmetry, deep colors, and elegant furniture.",classic
Describe what style you want for the room.,"I want a wood textures with a welcoming rustic vibe, but I think it should be industrial style.",industrial
What kind of design are you aiming for in this space?,I want smooth surfaces with a minimalist and practical design.,modern
Describe what style you want for the room.,"I want clean lines, glass and metal surfaces, functional layout.",modern
Tell me how you imagine the room should feel.,"I want a rustik design, something like handcrafted details and nostalgic warm lighting.",rustic
What kind of design are you aiming for in this space?,"I want a boho design, something like eclectic mix of patterns, rugs, and handmade decor.",boho_chic
How would you like the room to look after the redesign?,I want rustic,rustic
How would you like the room to look after the redesign?,"I want a industria design, something like iron furniture, rugged lighting, and urban atmosphere.",industrial
Describe what style you want for the room.,industrial design,industrial
Describe what style you want for the room.,"I want a ethnic fabrics, greenery, and artistic relaxed feeling, but I think it should be modern style.",modern
Tell me how you imagine the room should feel.,"I want a raw concrete, exposed brick, and dark metal elements, but I think it should be modern style.",modern
Tell me how you imagine the room should feel.,"I want a wood textures with a welcoming rustic vibe, but I think it should be industrial style.",industrial
How would you like the room to look after the redesign?,"I want a moedrn design, something like clean lines, glass and metal surfaces, functional layout.",modern
Describe what style you want for the room.,boho_chic room,boho_chic
Tell me how you imagine the room should feel.,"I want a modrn design, something like clean lines, glass and metal surfaces, functional layout.",modern
Describe what style you want for the room.,boho_chic style,boho_chic
How would you like the room to look after the redesign?,"I want a scandinavin design, something like light wood furniture, white walls, cozy minimal feeling.",scandinavian
How would you like the room to look after the redesign?,"I want a vintage furniture, earthy tones, and homey atmosphere, but I think it should be industrial style.",industrial
Describe what style you want for the room.,"I want light wood furniture, white walls, cozy minimal feeling.",scandinavian
How would you like the room to look after the redesign?,"I want clean lines, glass and metal surfaces, functional layout.",modern
What kind of design are you aiming for in this space?,I want modern,modern
What kind of design are you aiming for in this space?,modern design,modern
Tell me how you imagine the room should feel.,"I want a handcrafted details and nostalgic warm lighting, but I think it should be scandinavian style.",scandinavian
How would you like the room to look after the redesign?,"I want a monochrome colors, sleek furniture, and geometric shapes, but I think it should be boho_chic style.",boho_chic
Describe what style you want for the room.,classic design,classic
Describe what style you want for the room.,"I want a industrail design, something like rough textures and bold industrial materials.",industrial
What kind of design are you aiming for in this space?,"I want a rustik design, something like natural wood, warm colors, and a cozy farmhouse feeling.",rustic
What kind of design are you aiming for in this space?,"I want a modren design, something like monochrome colors, sleek furniture, and geometric shapes.",modern
How would you like the room to look after the redesign?,"I want a rough textures and bold industrial materials, but I think it should be classic style.",classic
What kind of design are you aiming for in this space?,"I want colorful cushions, mixed styles, and warm boho atmosphere.",boho_chic
Describe what style you want for the room.,"I want a natural wood, warm colors, and a cozy farmhouse feeling, but I think it should be industrial style.",industrial
What kind of design are you aiming for in this space?,"I want a rustik design, something like vintage furniture, earthy tones, and homey atmosphere.",rustic
How would you like the room to look after the redesign?,"I want a eclectic mix of patterns, rugs, and handmade decor, but I think it should be modern style.",modern
Tell me how you imagine the room should feel.,I want modern,modern
Describe what style you want for the room.,"I want layered textiles, lots of plants, and rich colors.",boho_chic
Tell me how you imagine the room should feel.,classic design,classic
Tell me how you imagine the room should feel.,scandinavian room,scandinavian
Tell me how you imagine the room should feel.,"I want a boho shik design, something like colorful cushions, mixed styles, and warm boho atmosphere.",boho_chic
Describe what style you want for the room.,"I want a soft fabrics, pale tones, and simple furniture, but I think it should be industrial style.",industrial
How would you like the room to look after the redesign?,"I want a bohochic design, something like layered textiles, lots of plants, and rich colors.",boho_chic
How would you like the room to look after the redesign?,boho_chic style,boho_chic
How would you like the room to look after the redesign?,"I want a ornate decorations and balanced traditional layout, but I think it should be rustic style.",rustic
Tell me how you imagine the room should feel.,"I want a marble surfaces, solid wood, and a luxurious atmosphere, but I think it should be rustic style.",rustic
What kind of design are you aiming for in this space?,I want handcrafted details and nostalgic warm lighting.,rustic
Tell me how you imagine the room should feel.,classic design,classic
How would you like the room to look after the redesign?,"I want ethnic fabrics, greenery, and artistic relaxed feeling.",boho_chic
How would you like the room to look after the redesign?,"I want a boho design, something like eclectic mix of patterns, rugs, and handmade decor.",boho_chic
What kind of design are you aiming for in this space?,"I want light wood furniture, white walls, cozy minimal feeling.",scandinavian
Tell me how you imagine the room should feel.,"I want a clssic design, something like timeless design with quality materials and refined finishes.",classic
Describe what style you want for the room.,"I want a sharp edges, neutral palette, and modern lighting, but I think it should be classic style.",classic
Describe what style you want for the room.,"I want unfinished surfaces, visible pipes, and loft-style layout.",industrial
What kind of design are you aiming for in this space?,classic design,classic
Tell me how you imagine the room should feel.,"I want marble surfaces, solid wood, and a luxurious atmosphere.",classic
Describe what style you want for the room.,"I want a industrail design, something like iron furniture, rugged lighting, and urban atmosphere.",industrial
Tell me how you imagine the room should feel.,"I want a clssic design, something like rich details, symmetry, deep colors, and elegant furniture.",classic
Describe what style you want for the room.,"I want a scandinavin design, something like light wood furniture, white walls, cozy minimal feeling.",scandinavian
Tell me how you imagine the room should feel.,"I want a iron furniture, rugged lighting, and urban atmosphere, but I think it should be rustic style.",rustic
Describe what style you want for the room.,"I want a boho shik design, something like ethnic fabrics, greenery, and artistic relaxed feeling.",boho_chic
What kind of design are you aiming for in this space?,"I want a boho shik design, something like colorful cushions, mixed styles, and warm boho atmosphere.",boho_chic
How would you like the room to look after the redesign?,scandinavian style,scandinavian
Tell me how you imagine the room should feel.,rustic design,rustic
Tell me how you imagine the room should feel.,"I want rich details, symmetry, deep colors, and elegant furniture.",classic
What kind of design are you aiming for in this space?,"I want a modren design, something like smooth surfaces with a minimalist and practical design.",modern
How would you like the room to look after the redesign?,"I want a rich details, symmetry, deep colors, and elegant furniture, but I think it should be boho_chic style.",boho_chic
How would you like the room to look after the redesign?,industrial design,industrial
What kind of design are you aiming for in this space?,"I want a vintage furniture, earthy tones, and homey atmosphere, but I think it should be boho_chic style.",boho_chic
Describe what style you want for the room.,"I want a rich details, symmetry, deep colors, and elegant furniture, but I think it should be scandinavian style.",scandinavian
How would you like the room to look after the redesign?,"I want a light wood furniture, white walls, cozy minimal feeling, but I think it should be boho_chic style.",boho_chic
How would you like the room to look after the redesign?,"I want a wood textures with a welcoming rustic vibe, but I think it should be classic style.",classic
Describe what style you want for the room.,"I want a clasik design, something like marble surfaces, solid wood, and a luxurious atmosphere.",classic
Describe what style you want for the room.,"I want iron furniture, rugged lighting, and urban atmosphere.",industrial
How would you like the room to look after the redesign?,"I want natural wood, warm colors, and a cozy farmhouse feeling.",rustic
How would you like the room to look after the redesign?,"I want a rustik design, something like wood textures with a welcoming rustic vibe.",rustic
What kind of design are you aiming for in this space?,rustic design,rustic
Describe what style you want for the room.,"I want light wood furniture, white walls, cozy minimal feeling.",scandinavian
What kind of design are you aiming for in this space?,"I want a rich details, symmetry, deep colors, and elegant furniture, but I think it should be scandinavian style.",scandinavian
How would you like the room to look after the redesign?,classic room,classic
What kind of design are you aiming for in this space?,I want rustic,rustic
Describe what style you want for the room.,scandinavian room,scandinavian
Describe what style you want for the room.,"I want colorful cushions, mixed styles, and warm boho atmosphere.",boho_chic
Describe what style you want for the room.,I want classic,classic
Describe what style you want for the room.,"I want a clasik design, something like rich details, symmetry, deep colors, and elegant furniture.",classic
How would you like the room to look after the redesign?,I want industrial,industrial
Tell me how you imagine the room should feel.,"I want a rustc design, something like wood textures with a welcoming rustic vibe.",rustic
How would you like the room to look after the redesign?,"I want a rustik design, something like vintage furniture, earthy tones, and homey atmosphere.",rustic
What kind of design are you aiming for in this space?,industrial room,industrial
Tell me how you imagine the room should feel.,"I want a rutsic design, something like wood textures with a welcoming rustic vibe.",rustic
What kind of design are you aiming for in this space?,"I want a moedrn design, something like sharp edges, neutral palette, and modern lighting.",modern
Tell me how you imagine the room should feel.,"I want a skandinavian design, something like light wood furniture, white walls, cozy minimal feeling.",scandinavian
Describe what style you want for the room.,"I want a scandnavi design, something like bright room with lots of natural light and soft textiles.",scandinavian
Describe what style you want for the room.,I want industrial,industrial
How would you like the room to look after the redesign?,scandinavian design,scandinavian
How would you like the room to look after the redesign?,classic style,classic
Describe what style you want for the room.,"I want a clssic design, something like marble surfaces, solid wood, and a luxurious atmosphere.",classic
How would you like the room to look after the redesign?,"I want a natural wood, warm colors, and a cozy farmhouse feeling, but I think it should be boho_chic style.",boho_chic
Tell me how you imagine the room should feel.,"I want a colorful cushions, mixed styles, and warm boho atmosphere, but I think it should be classic style.",classic
Tell me how you imagine the room should feel.,"I want a layered textiles, lots of plants, and rich colors, but I think it should be industrial style.",industrial
Tell me how you imagine the room should feel.,"I want a handcrafted details and nostalgic warm lighting, but I think it should be classic style.",classic
How would you like the room to look after the redesign?,"I want natural wood, warm colors, and a cozy farmhouse feeling.",rustic
What kind of design are you aiming for in this space?,"I want monochrome colors, sleek furniture, and geometric shapes.",modern
What kind of design are you aiming for in this space?,I want smooth surfaces with a minimalist and practical design.,modern
How would you like the room to look after the redesign?,"I want a industria design, something like raw concrete, exposed brick, and dark metal elements.",industrial
Describe what style you want for the room.,"I want a ornate decorations and balanced traditional layout, but I think it should be boho_chic style.",boho_chic
Tell me how you imagine the room should feel.,"I want a boho-shik design, something like colorful cushions, mixed styles, and warm boho atmosphere.",boho_chic
What kind of design are you aiming for in this space?,"I want a rustc design, something like natural wood, warm colors, and a cozy farmhouse feeling.",rustic
What kind of design are you aiming for in this space?,"I want a scandivian design, something like light wood furniture, white walls, cozy minimal feeling.",scandinavian
Tell me how you imagine the room should feel.,boho_chic style,boho_chic
Tell me how you imagine the room should feel.,classic style,classic
Describe what style you want for the room.,"I want a modrn design, something like monochrome colors, sleek furniture, and geometric shapes.",modern
What kind of design are you aiming for in this space?,"I want a industrail design, something like iron furniture, rugged lighting, and urban atmosphere.",industrial
Tell me how you imagine the room should feel.,"I want a neutral colors, clean lines, and an airy atmosphere, but I think it should be classic style.",classic
How would you like the room to look after the redesign?,"I want a raw concrete, exposed brick, and dark metal elements, but I think it should be boho_chic style.",boho_chic
How would you like the room to look after the redesign?,"I want monochrome colors, sleek furniture, and geometric shapes.",modern
Describe what style you want for the room.,modern style,modern
Describe what style you want for the room.,I want bright room with lots of natural light and soft textiles.,scandinavian
Describe what style you want for the room.,"I want a soft fabrics, pale tones, and simple furniture, but I think it should be rustic style.",rustic
Describe what style you want for the room.,"I want a unfinished surfaces, visible pipes, and loft-style layout, but I think it should be boho_chic style.",boho_chic
How would you like the room to look after the redesign?,I want scandinavian,scandinavian
How would you like the room to look after the redesign?,modern room,modern
Tell me how you imagine the room should feel.,"I want rich details, symmetry, deep colors, and elegant furniture.",classic
How would you like the room to look after the redesign?,"I want a boho shik design, something like ethnic fabrics, greenery, and artistic relaxed feeling.",boho_chic
What kind of design are you aiming for in this space?,"I want a scandnavi design, something like bright room with lots of natural light and soft textiles.",scandinavian
Tell me how you imagine the room should feel.,"I want a handcrafted details and nostalgic warm lighting, but I think it should be classic style.",classic
Tell me how you imagine the room should feel.,"I want a soft fabrics, pale tones, and simple furniture, but I think it should be rustic style.",rustic
How would you like the room to look after the redesign?,"I want a raw concrete, exposed brick, and dark metal elements, but I think it should be boho_chic style.",boho_chic
What kind of design are you aiming for in this space?,"I want a wood textures with a welcoming rustic vibe, but I think it should be industrial style.",industrial
Tell me how you imagine the room should feel.,I want rustic,rustic
Tell me how you imagine the room should feel.,"I want a clssic design, something like ornate decorations and balanced traditional layout.",classic
Tell me how you imagine the room should feel.,"I want a rustc design, something like wood textures with a welcoming rustic vibe.",rustic
Describe what style you want for the room.,"I want monochrome colors, sleek furniture, and geometric shapes.",modern
Tell me how you imagine the room should feel.,"I want colorful cushions, mixed styles, and warm boho atmosphere.",boho_chic
Tell me how you imagine the room should feel.,"I want ethnic fabrics, greenery, and artistic relaxed feeling.",boho_chic
How would you like the room to look after the redesign?,"I want a clssic design, something like marble surfaces, solid wood, and a luxurious atmosphere.",classic
Tell me how you imagine the room should feel.,"I want a rustik design, something like wood textures with a welcoming rustic vibe.",rustic
How would you like the room to look after the redesign?,"I want a clasik design, something like timeless design with quality materials and refined finishes.",classic
How would you like the room to look after the redesign?,"I want colorful cushions, mixed styles, and warm boho atmosphere.",boho_chic
How would you like the room to look after the redesign?,"I want a bohochic design, something like eclectic mix of patterns, rugs, and handmade decor.",boho_chic
Describe what style you want for the room.,"I want a rutsic design, something like natural wood, warm colors, and a cozy farmhouse feeling.",rustic
Tell me how you imagine the room should feel.,"I want layered textiles, lots of plants, and rich colors.",boho_chic
Tell me how you imagine the room should feel.,industrial design,industrial
What kind of design are you aiming for in this space?,"I want a marble surfaces, solid wood, and a luxurious atmosphere, but I think it should be rustic style.",rustic
How would you like the room to look after the redesign?,"I want a clssic design, something like timeless design with quality materials and refined finishes.",classic
Describe what style you want for the room.,"I want a industrail design, something like unfinished surfaces, visible pipes, and loft-style layout.",industrial
Tell me how you imagine the room should feel.,"I want a scandinavin design, something like neutral colors, clean lines, and an airy atmosphere.",scandinavian
Tell me how you imagine the room should feel.,"I want monochrome colors, sleek furniture, and geometric shapes.",modern
How would you like the room to look after the redesign?,"I want a industria design, something like raw concrete, exposed brick, and dark metal elements.",industrial
What kind of design are you aiming for in this space?,I want wood textures with a welcoming rustic vibe.,rustic
Describe what style you want for the room.,scandinavian room,scandinavian
How would you like the room to look after the redesign?,"I want a ethnic fabrics, greenery, and artistic relaxed feeling, but I think it should be scandinavian style.",scandinavian
What kind of design are you aiming for in this space?,"I want marble surfaces, solid wood, and a luxurious atmosphere.",classic
What kind of design are you aiming for in this space?,industrial room,industrial
What kind of design are you aiming for in this space?,"I want a modrn design, something like sharp edges, neutral palette, and modern lighting.",modern
What kind of design are you aiming for in this space?,I want scandinavian,scandinavian
Describe what style you want for the room.,modern room,modern
What kind of design are you aiming for in this space?,"I want a rustik design, something like wood textures with a welcoming rustic vibe.",rustic
Tell me how you imagine the room should feel.,rustic design,rustic
What kind of design are you aiming for in this space?,I want ornate decorations and balanced traditional layout.,classic
How would you like the room to look after the redesign?,I want bright room with lots of natural light and soft textiles.,scandinavian
Describe what style you want for the room.,"I want a layered textiles, lots of plants, and rich colors, but I think it should be classic style.",classic
How would you like the room to look after the redesign?,"I want a natural wood, warm colors, and a cozy farmhouse feeling, but I think it should be modern style.",modern
Tell me how you imagine the room should feel.,"I want raw concrete, exposed brick, and dark metal elements.",industrial
What kind of design are you aiming for in this space?,"I want a bright room with lots of natural light and soft textiles, but I think it should be classic style.",classic
How would you like the room to look after the redesign?,"I want a moedrn design, something like monochrome colors, sleek furniture, and geometric shapes.",modern
How would you like the room to look after the redesign?,"I want a boho design, something like eclectic mix of patterns, rugs, and handmade decor.",boho_chic
How would you like the room to look after the redesign?,"I want a clasic design, something like rich details, symmetry, deep colors, and elegant furniture.",classic
Describe what style you want for the room.,"I want a scandnavi design, something like soft fabrics, pale tones, and simple furniture.",scandinavian
What kind of design are you aiming for in this space?,"I want a neutral colors, clean lines, and an airy atmosphere, but I think it should be rustic style.",rustic
Describe what style you want for the room.,"I want a raw concrete, exposed brick, and dark metal elements, but I think it should be scandinavian style.",scandinavian
How would you like the room to look after the redesign?,modern room,modern
What kind of design are you aiming for in this space?,"I want a iron furniture, rugged lighting, and urban atmosphere, but I think it should be boho_chic style.",boho_chic
What kind of design are you aiming for in this space?,"I want a clssic design, something like marble surfaces, solid wood, and a luxurious atmosphere.",classic
Describe what style you want for the room.,I want industrial,industrial
Tell me how you imagine the room should feel.,"I want a industria design, something like rough textures and bold industrial materials.",industrial
Tell me how you imagine the room should feel.,"I want a clasic design, something like marble surfaces, solid wood, and a luxurious atmosphere.",classic
How would you like the room to look after the redesign?,modern design,modern
Describe what style you want for the room.,"I want a handcrafted details and nostalgic warm lighting, but I think it should be modern style.",modern
Describe what style you want for the room.,I want rustic,rustic
What kind of design are you aiming for in this space?,"I want a clasik design, something like timeless design with quality materials and refined finishes.",classic
What kind of design are you aiming for in this space?,I want ornate decorations and balanced traditional layout.,classic
How would you like the room to look after the redesign?,"I want a eclectic mix of patterns, rugs, and handmade decor, but I think it should be rustic style.",rustic
Describe what style you want for the room.,"I want a timeless design with quality materials and refined finishes, but I think it should be scandinavian style.",scandinavian
What kind of design are you aiming for in this space?,"I want soft fabrics, pale tones, and simple furniture.",scandinavian
Tell me how you imagine the room should feel.,"I want a rich details, symmetry, deep colors, and elegant furniture, but I think it should be boho_chic style.",boho_chic
Tell me how you imagine the room should feel.,"I want a bohochic design, something like ethnic fabrics, greenery, and artistic relaxed feeling.",boho_chic
How would you like the room to look after the redesign?,I want boho_chic,boho_chic
Tell me how you imagine the room should feel.,"I want a bohochic design, something like colorful cushions, mixed styles, and warm boho atmosphere.",boho_chic
Tell me how you imagine the room should feel.,"I want a ornate decorations and balanced traditional layout, but I think it should be scandinavian style.",scandinavian
How would you like the room to look after the redesign?,scandinavian room,scandinavian
Tell me how you imagine the room should feel.,"I want a monochrome colors, sleek furniture, and geometric shapes, but I think it should be boho_chic style.",boho_chic
What kind of design are you aiming for in this space?,"I want layered textiles, lots of plants, and rich colors.",boho_chic
Describe what style you want for the room.,boho_chic room,boho_chic
How would you like the room to look after the redesign?,"I want a natural wood, warm colors, and a cozy farmhouse feeling, but I think it should be classic style.",classic
Tell me how you imagine the room should feel.,"I want a handcrafted details and nostalgic warm lighting, but I think it should be boho_chic style.",boho_chic
Describe what style you want for the room.,industrial style,industrial
Tell me how you imagine the room should feel.,"I want clean lines, glass and metal surfaces, functional layout.",modern
How would you like the room to look after the redesign?,I want timeless design with quality materials and refined finishes.,classic
How would you like the room to look after the redesign?,"I want rich details, symmetry, deep colors, and elegant furniture.",classic
Describe what style you want for the room.,boho_chic style,boho_chic
Tell me how you imagine the room should feel.,"I want a ethnic fabrics, greenery, and artistic relaxed feeling, but I think it should be industrial style.",industrial
Tell me how you imagine the room should feel.,"I want a scandivian design, something like light wood furniture, white walls, cozy minimal feeling.",scandinavian
How would you like the room to look after the redesign?,classic style,classic
Describe what style you want for the room.,I want timeless design with quality materials and refined finishes.,classic
Describe what style you want for the room.,"I want a sharp edges, neutral palette, and modern lighting, but I think it should be classic style.",classic
How would you like the room to look after the redesign?,"I want a boho design, something like colorful cushions, mixed styles, and warm boho atmosphere.",boho_chic
What kind of design are you aiming for in this space?,"I want light wood furniture, white walls, cozy minimal feeling.",scandinavian
What kind of design are you aiming for in this space?,"I want a neutral colors, clean lines, and an airy atmosphere, but I think it should be boho_chic style.",boho_chic
Tell me how you imagine the room should feel.,"I want a ethnic fabrics, greenery, and artistic relaxed feeling, but I think it should be industrial style.",industrial
Tell me how you imagine the room should feel.,"I want a ethnic fabrics, greenery, and artistic relaxed feeling, but I think it should be classic style.",classic
How would you like the room to look after the redesign?,modern design,modern
Describe what style you want for the room.,boho_chic design,boho_chic
Tell me how you imagine the room should feel.,"I want a scandnavi design, something like light wood furniture, white walls, cozy minimal feeling.",scandinavian
How would you like the room to look after the redesign?,"I want a timeless design with quality materials and refined finishes, but I think it should be modern style.",modern
Describe what style you want for the room.,"I want eclectic mix of patterns, rugs, and handmade decor.",boho_chic
Describe what style you want for the room.,"I want a ethnic fabrics, greenery, and artistic relaxed feeling, but I think it should be modern style.",modern
Describe what style you want for the room.,I want smooth surfaces with a minimalist and practical design.,modern
How would you like the room to look after the redesign?,"I want a natural wood, warm colors, and a cozy farmhouse feeling, but I think it should be scandinavian style.",scandinavian
Tell me how you imagine the room should feel.,"I want vintage furniture, earthy tones, and homey atmosphere.",rustic
Describe what style you want for the room.,"I want a wood textures with a welcoming rustic vibe, but I think it should be classic style.",classic
Describe what style you want for the room.,"I want raw concrete, exposed brick, and dark metal elements.",industrial
Tell me how you imagine the room should feel.,industrial design,industrial
Tell me how you imagine the room should feel.,"I want soft fabrics, pale tones, and simple furniture.",scandinavian
Describe what style you want for the room.,"I want a eclectic mix of patterns, rugs, and handmade decor, but I think it should be modern style.",modern
Describe what style you want for the room.,I want scandinavian,scandinavian
How would you like the room to look after the redesign?,I want ornate decorations and balanced traditional layout.,classic
How would you like the room to look after the redesign?,"I want a ornate decorations and balanced traditional layout, but I think it should be industrial style.",industrial
Describe what style you want for the room.,industrial design,industrial
What kind of design are you aiming for in this space?,"I want a timeless design with quality materials and refined finishes, but I think it should be scandinavian style.",scandinavian
How would you like the room to look after the redesign?,industrial design,industrial
How would you like the room to look after the redesign?,"I want a soft fabrics, pale tones, and simple furniture, but I think it should be industrial style.",industrial
Tell me how you imagine the room should feel.,"I want light wood furniture, white walls, cozy minimal feeling.",scandinavian
Describe what style you want for the room.,"I want a colorful cushions, mixed styles, and warm boho atmosphere, but I think it should be rustic style.",rustic
What kind of design are you aiming for in this space?,"I want a marble surfaces, solid wood, and a luxurious atmosphere, but I think it should be modern style.",modern
Describe what style you want for the room.,I want classic,classic
Describe what style you want for the room.,"I want vintage furniture, earthy tones, and homey atmosphere.",rustic
Describe what style you want for the room.,"I want a rich details, symmetry, deep colors, and elegant furniture, but I think it should be scandinavian style.",scandinavian
How would you like the room to look after the redesign?,scandinavian style,scandinavian
How would you like the room to look after the redesign?,rustic style,rustic
What kind of design are you aiming for in this space?,"I want a colorful cushions, mixed styles, and warm boho atmosphere, but I think it should be rustic style.",rustic
How would you like the room to look after the redesign?,"I want layered textiles, lots of plants, and rich colors.",boho_chic
Tell me how you imagine the room should feel.,"I want a scandnavi design, something like light wood furniture, white walls, cozy minimal feeling.",scandinavian
Describe what style you want for the room.,modern design,modern
Tell me how you imagine the room should feel.,"I want a eclectic mix of patterns, rugs, and handmade decor, but I think it should be rustic style.",rustic
What kind of design are you aiming for in this space?,"I want a indutrial design, something like raw concrete, exposed brick, and dark metal elements.",industrial
Describe what style you want for the room.,I want scandinavian,scandinavian
Describe what style you want for the room.,I want classic,classic
Describe what style you want for the room.,"I want a scandinavin design, something like neutral colors, clean lines, and an airy atmosphere.",scandinavian
What kind of design are you aiming for in this space?,"I want rich details, symmetry, deep colors, and elegant furniture.",classic
How would you like the room to look after the redesign?,"I want soft fabrics, pale tones, and simple furniture.",scandinavian
Tell me how you imagine the room should feel.,"I want vintage furniture, earthy tones, and homey atmosphere.",rustic
How would you like the room to look after the redesign?,"I want a ornate decorations and balanced traditional layout, but I think it should be rustic style.",rustic
Tell me how you imagine the room should feel.,"I want a vintage furniture, earthy tones, and homey atmosphere, but I think it should be scandinavian style.",scandinavian
Tell me how you imagine the room should feel.,rustic design,rustic
What kind of design are you aiming for in this space?,boho_chic room,boho_chic
How would you like the room to look after the redesign?,"I want a natural wood, warm colors, and a cozy farmhouse feeling, but I think it should be modern style.",modern
Describe what style you want for the room.,"I want a rutsic design, something like natural wood, warm colors, and a cozy farmhouse feeling.",rustic
What kind of design are you aiming for in this space?,"I want a rutsic design, something like natural wood, warm colors, and a cozy farmhouse feeling.",rustic
Tell me how you imagine the room should feel.,rustic style,rustic
What kind of design are you aiming for in this space?,modern design,modern
Tell me how you imagine the room should feel.,scandinavian room,scandinavian
What kind of design are you aiming for in this space?,"I want a indutrial design, something like iron furniture, rugged lighting, and urban atmosphere.",industriall
How would you like the room to look after the redesign?,I want boho_chic,boho_chic
Tell me how you imagine the room should feel.,"I want a moedrn design, something like monochrome colors, sleek furniture, and geometric shapes.",modern
Tell me how you imagine the room should feel.,"I want a clasik design, something like timeless design with quality materials and refined finishes.",classic
Tell me how you imagine the room should feel.,"I want a bright room with lots of natural light and soft textiles, but I think it should be boho_chic style.",boho_chic
What kind of design are you aiming for in this space?,"I want a layered textiles, lots of plants, and rich colors, but I think it should be scandinavian style.",scandinavian
How would you like the room to look after the redesign?,rustic design,rustic
Describe what style you want for the room.,industrial design,industrial
How would you like the room to look after the redesign?,"I want a bright room with lots of natural light and soft textiles, but I think it should be industrial style.",industrial
How would you like the room to look after the redesign?,"I want a smooth surfaces with a minimalist and practical design, but I think it should be industrial style.",industrial
Tell me how you imagine the room should feel.,"I want a indutrial design, something like unfinished surfaces, visible pipes, and loft-style layout.",industrial
What kind of design are you aiming for in this space?,rustic room,rustic
What kind of design are you aiming for in this space?,industrial design,industrial
What kind of design are you aiming for in this space?,"I want a neutral colors, clean lines, and an airy atmosphere, but I think it should be modern style.",modern
How would you like the room to look after the redesign?,"I want a industrail design, something like iron furniture, rugged lighting, and urban atmosphere.",industrial
How would you like the room to look after the redesign?,"I want vintage furniture, earthy tones, and homey atmosphere.",rustic
Describe what style you want for the room.,"I want neutral colors, clean lines, and an airy atmosphere.",scandinavian
Describe what style you want for the room.,"I want a handcrafted details and nostalgic warm lighting, but I think it should be classic style.",classic
What kind of design are you aiming for in this space?,"I want a natural wood, warm colors, and a cozy farmhouse feeling, but I think it should be scandinavian style.",scandinavian
Describe what style you want for the room.,"I want a clean lines, glass and metal surfaces, functional layout, but I think it should be industrial style.",industrial
Describe what style you want for the room.,modern room,modern
What kind of design are you aiming for in this space?,"I want vintage furniture, earthy tones, and homey atmosphere.",rustic
What kind of design are you aiming for in this space?,"I want a rutsic design, something like natural wood, warm colors, and a cozy farmhouse feeling.",rustic
What kind of design are you aiming for in this space?,"I want a rough textures and bold industrial materials, but I think it should be classic style.",classic
Describe what style you want for the room.,"I want a layered textiles, lots of plants, and rich colors, but I think it should be classic style.",classic
Tell me how you imagine the room should feel.,I want industrial,industrial
What kind of design are you aiming for in this space?,classic design,classic
Describe what style you want for the room.,"I want light wood furniture, white walls, cozy minimal feeling.",scandinavian
Describe what style you want for the room.,"I want a clasic design, something like ornate decorations and balanced traditional layout.",classic
How would you like the room to look after the redesign?,"I want a moedrn design, something like smooth surfaces with a minimalist and practical design.",modern
Tell me how you imagine the room should feel.,"I want a neutral colors, clean lines, and an airy atmosphere, but I think it should be rustic style.",rustic
Tell me how you imagine the room should feel.,I want industrial,industrial
How would you like the room to look after the redesign?,"I want a marble surfaces, solid wood, and a luxurious atmosphere, but I think it should be industrial style.",industrial
How would you like the room to look after the redesign?,"I want a moedrn design, something like smooth surfaces with a minimalist and practical design.",modern
Describe what style you want for the room.,"I want a soft fabrics, pale tones, and simple furniture, but I think it should be classic style.",classic
Tell me how you imagine the room should feel.,"I want unfinished surfaces, visible pipes, and loft-style layout.",industrial
Describe what style you want for the room.,"I want a modrn design, something like monochrome colors, sleek furniture, and geometric shapes.",modern
How would you like the room to look after the redesign?,"I want monochrome colors, sleek furniture, and geometric shapes.",modern
What kind of design are you aiming for in this space?,"I want sharp edges, neutral palette, and modern lighting.",modern
Describe what style you want for the room.,boho_chic design,boho_chic
What kind of design are you aiming for in this space?,"I want a rustik design, something like wood textures with a welcoming rustic vibe.",rustic
What kind of design are you aiming for in this space?,"I want a iron furniture, rugged lighting, and urban atmosphere, but I think it should be scandinavian style.",scandinavian
Describe what style you want for the room.,I want classic,classic
Describe what style you want for the room.,scandinavian style,scandinavian
What kind of design are you aiming for in this space?,I want rough textures and bold industrial materials.,industrial
How would you like the room to look after the redesign?,I want boho_chic,boho_chic
What kind of design are you aiming for in this space?,"I want a rutsic design, something like wood textures with a welcoming rustic vibe.",rustic
What kind of design are you aiming for in this space?,"I want a modren design, something like clean lines, glass and metal surfaces, functional layout.",modern
How would you like the room to look after the redesign?,"I want a rustik design, something like natural wood, warm colors, and a cozy farmhouse feeling.",rustic
Describe what style you want for the room.,"I want a ornate decorations and balanced traditional layout, but I think it should be rustic style.",rustic
What kind of design are you aiming for in this space?,I want handcrafted details and nostalgic warm lighting.,rustic
What kind of design are you aiming for in this space?,boho_chic design,boho_chic
What kind of design are you aiming for in this space?,"I want a rustik design, something like wood textures with a welcoming rustic vibe.",rustic
How would you like the room to look after the redesign?,scandinavian room,scandinavian
How would you like the room to look after the redesign?,"I want a layered textiles, lots of plants, and rich colors, but I think it should be classic style.",classic
Tell me how you imagine the room should feel.,"I want a bohochic design, something like eclectic mix of patterns, rugs, and handmade decor.",boho_chic
Tell me how you imagine the room should feel.,boho_chic style,boho_chic
How would you like the room to look after the redesign?,"I want a industrail design, something like rough textures and bold industrial materials.",industrial
How would you like the room to look after the redesign?,industrial design,industrial
What kind of design are you aiming for in this space?,scandinavian design,scandinavian
Describe what style you want for the room.,"I want ethnic fabrics, greenery, and artistic relaxed feeling.",boho_chic
Describe what style you want for the room.,scandinavian design,scandinavian
How would you like the room to look after the redesign?,"I want a raw concrete, exposed brick, and dark metal elements, but I think it should be scandinavian style.",scandinavian
How would you like the room to look after the redesign?,I want rustic,rustic
Tell me how you imagine the room should feel.,modern room,modern
Describe what style you want for the room.,"I want a scandivian design, something like bright room with lots of natural light and soft textiles.",scandinavian
Describe what style you want for the room.,boho_chic style,boho_chic
Describe what style you want for the room.,I want smooth surfaces with a minimalist and practical design.,modern
Tell me how you imagine the room should feel.,"I want a monochrome colors, sleek furniture, and geometric shapes, but I think it should be scandinavian style.",scandinavian
How would you like the room to look after the redesign?,I want classic,classic
Describe what style you want for the room.,"I want soft fabrics, pale tones, and simple furniture.",scandinavian
How would you like the room to look after the redesign?,I want timeless design with quality materials and refined finishes.,classic
What kind of design are you aiming for in this space?,"I want a scandivian design, something like bright room with lots of natural light and soft textiles.",scandinavian
How would you like the room to look after the redesign?,"I want a moedrn design, something like smooth surfaces with a minimalist and practical design.",modern
Describe what style you want for the room.,"I want a monochrome colors, sleek furniture, and geometric shapes, but I think it should be boho_chic style.",boho_chic
How would you like the room to look after the redesign?,"I want marble surfaces, solid wood, and a luxurious atmosphere.",classic
Describe what style you want for the room.,rustic room,rustic
How would you like the room to look after the redesign?,"I want vintage furniture, earthy tones, and homey atmosphere.",rustic
How would you like the room to look after the redesign?,"I want a raw concrete, exposed brick, and dark metal elements, but I think it should be rustic style.",rustic
What kind of design are you aiming for in this space?,"I want a raw concrete, exposed brick, and dark metal elements, but I think it should be boho_chic style.",boho_chic
What kind of design are you aiming for in this space?,scandinavian style,scandinavian
What kind of design are you aiming for in this space?,"I want a modrn design, something like clean lines, glass and metal surfaces, functional layout.",modern
Tell me how you imagine the room should feel.,"I want a clasik design, something like rich details, symmetry, deep colors, and elegant furniture.",classic
What kind of design are you aiming for in this space?,I want rough textures and bold industrial materials.,industrial
How would you like the room to look after the redesign?,I want handcrafted details and nostalgic warm lighting.,rustic
Tell me how you imagine the room should feel.,classic room,classic
Describe what style you want for the room.,"I want a marble surfaces, solid wood, and a luxurious atmosphere, but I think it should be industrial style.",industrial
How would you like the room to look after the redesign?,"I want a marble surfaces, solid wood, and a luxurious atmosphere, but I think it should be industrial style.",industrial
Describe what style you want for the room.,modern style,modern
Tell me how you imagine the room should feel.,"I want iron furniture, rugged lighting, and urban atmosphere.",industrial
Tell me how you imagine the room should feel.,"I want a modrn design, something like monochrome colors, sleek furniture, and geometric shapes.",modern
How would you like the room to look after the redesign?,boho_chic style,boho_chic
Tell me how you imagine the room should feel.,"I want a clssic design, something like timeless design with quality materials and refined finishes.",classic
Describe what style you want for the room.,modern room,modern
Tell me how you imagine the room should feel.,"I want a moedrn design, something like clean lines, glass and metal surfaces, functional layout.",modern
What kind of design are you aiming for in this space?,"I want iron furniture, rugged lighting, and urban atmosphere.",industrial
Tell me how you imagine the room should feel.,"I want a vintage furniture, earthy tones, and homey atmosphere, but I think it should be scandinavian style.",scandinavian
How would you like the room to look after the redesign?,"I want a rich details, symmetry, deep colors, and elegant furniture, but I think it should be boho_chic style.",boho_chic
Describe what style you want for the room.,rustic style,rustic
Tell me how you imagine the room should feel.,I want rough textures and bold industrial materials.,industrial
How would you like the room to look after the redesign?,"I want a monochrome colors, sleek furniture, and geometric shapes, but I think it should be industrial style.",industrial
What kind of design are you aiming for in this space?,scandinavian style,scandinavian
What kind of design are you aiming for in this space?,"I want a wood textures with a welcoming rustic vibe, but I think it should be industrial style.",industrial
What kind of design are you aiming for in this space?,"I want a monochrome colors, sleek furniture, and geometric shapes, but I think it should be industrial style.",industrial
Tell me how you imagine the room should feel.,"I want clean lines, glass and metal surfaces, functional layout.",modern
Tell me how you imagine the room should feel.,"I want layered textiles, lots of plants, and rich colors.",boho_chic
Tell me how you imagine the room should feel.,"I want a sharp edges, neutral palette, and modern lighting, but I think it should be industrial style.",industrial
What kind of design are you aiming for in this space?,"I want a natural wood, warm colors, and a cozy farmhouse feeling, but I think it should be boho_chic style.",boho_chic
What kind of design are you aiming for in this space?,"I want a industrail design, something like raw concrete, exposed brick, and dark metal elements.",industrial
Tell me how you imagine the room should feel.,"I want a scandinavin design, something like light wood furniture, white walls, cozy minimal feeling.",scandinavian
How would you like the room to look after the redesign?,"I want a modrn design, something like smooth surfaces with a minimalist and practical design.",modern
How would you like the room to look after the redesign?,"I want a rough textures and bold industrial materials, but I think it should be scandinavian style.",scandinavian
Tell me how you imagine the room should feel.,"I want a boho design, something like colorful cushions, mixed styles, and warm boho atmosphere.",boho_chic
Tell me how you imagine the room should feel.,"I want unfinished surfaces, visible pipes, and loft-style layout.",industrial
Describe what style you want for the room.,"I want a clean lines, glass and metal surfaces, functional layout, but I think it should be scandinavian style.",scandinavian
Tell me how you imagine the room should feel.,scandinavian room,scandinavian
Tell me how you imagine the room should feel.,"I want a scandinavin design, something like bright room with lots of natural light and soft textiles.",scandinavian
What kind of design are you aiming for in this space?,"I want a ornate decorations and balanced traditional layout, but I think it should be modern style.",modern
What kind of design are you aiming for in this space?,I want industrial,industrial
What kind of design are you aiming for in this space?,rustic room,rustic
What kind of design are you aiming for in this space?,I want classic,classic
Tell me how you imagine the room should feel.,"I want a rutsic design, something like vintage furniture, earthy tones, and homey atmosphere.",rustic
Describe what style you want for the room.,"I want unfinished surfaces, visible pipes, and loft-style layout.",industrial
What kind of design are you aiming for in this space?,"I want a ethnic fabrics, greenery, and artistic relaxed feeling, but I think it should be modern style.",modern
Tell me how you imagine the room should feel.,"I want a raw concrete, exposed brick, and dark metal elements, but I think it should be boho_chic style.",boho_chic
How would you like the room to look after the redesign?,I want classic,classic
Tell me how you imagine the room should feel.,industrial design,industrial
What kind of design are you aiming for in this space?,"I want a smooth surfaces with a minimalist and practical design, but I think it should be classic style.",classic
Tell me how you imagine the room should feel.,boho_chic room,boho_chic
How would you like the room to look after the redesign?,"I want a rustik design, something like natural wood, warm colors, and a cozy farmhouse feeling.",rustic
How would you like the room to look after the redesign?,"I want a wood textures with a welcoming rustic vibe, but I think it should be boho_chic style.",boho_chic
What kind of design are you aiming for in this space?,"I want a rustc design, something like wood textures with a welcoming rustic vibe.",rustic
What kind of design are you aiming for in this space?,I want smooth surfaces with a minimalist and practical design.,modern
Describe what style you want for the room.,I want ornate decorations and balanced traditional layout.,classic
Tell me how you imagine the room should feel.,classic room,classic
Tell me how you imagine the room should feel.,"I want a boho shik design, something like eclectic mix of patterns, rugs, and handmade decor.",boho_chic
Tell me how you imagine the room should feel.,"I want a rustc design, something like handcrafted details and nostalgic warm lighting.",rustic
